ticker,price,mkt_cap,fwd_pe,trail_pe,fwd_eps,trail_eps,latest_q_rev,rev_yoy_pct,rev_qoq_pct,rev_growth_ttm,earnings_growth,gross_margin_pct,op_margin_pct,fcf,net_cash,total_debt,total_cash,analyst_target_mean,analyst_target_low,analyst_target_high,analyst_rec,num_analysts,sector,industry
A,114.64,32397527040,17.416828,25.306843,6.58214,4.53,1798000000.0,6.960142772159439,-3.3852767329392797,0.07,-0.036,52.61401557285873,19.632925472747498,175000000.0,-1792000128,3550000128,1758000000,160.6875,140.0,185.0,buy,16,Healthcare,Diagnostics & Research
ABB,,,,,,,,,,,,,,,0,0,0,,,,,0,,
ABT,84.74,147601244160,13.974389,23.736694,6.06395,3.57,11164000000.0,7.781424985518437,-2.5743956715245653,0.078,-0.197,56.198495163024006,12.047653170906484,916000000.0,-26841000448,34136000512,7295000064,118.64,92.0,143.0,buy,25,Healthcare,Medical Devices
ACLS,164.4,5052652544,35.4616,50.89783,4.636,3.23,238330000.0,-5.58084439637584,11.571969608306688,0.033,-0.659,46.96513237947384,15.177275206646247,-8902000.0,296096000,70504000,366600000,161.0,130.0,180.0,buy,3,Technology,Semiconductor Equipment & Materials
ACMR,64.34,4260908032,28.553295,49.114502,2.25333,1.31,244430000.0,9.378845577278483,-9.187843661762518,0.342,-0.187,40.873460704496175,9.423965961625006,19517000.0,928107008,337060992,1265168000,73.97143,68.0,83.8,strong_buy,7,Technology,Semiconductor Equipment & Materials
ADI,428.3,209097834496,32.376698,78.01457,13.22865,5.49,3160263000.0,30.418327367328967,2.735461622558577,0.304,1.167,64.70904478519668,33.06712131237179,1259202000.0,-4652233472,8701080576,4048847104,397.9355,295.0,490.0,buy,31,Technology,Semiconductors
AEHR,104.96,3301333504,699.7333,,0.15,-0.38,10313000.0,-43.666357131152026,4.340348037231889,-0.437,,32.65781053039853,-41.006496654707654,-3763000.0,26886000,10025000,36911000,63.66667,56.0,68.0,none,3,Technology,Semiconductor Equipment & Materials
AFX.DE,24.66,2158639616,12.567846,15.31677,1.96215,1.61,627545000.0,8.267040700312434,14.175692419095732,-0.064,-0.577,52.856289190416625,11.333051813017393,67565000.0,-557055024,580953024,23898000,31.92143,22.4,50.0,hold,14,Healthcare,Medical Instruments & Supplies
AIR.PA,172.56,135844077568,20.062853,27.260664,8.60097,6.33,12651000000.0,-6.579530350022155,-51.3123460591133,-0.066,-0.265,12.299422970516165,1.4781440202355545,-2498000000.0,1205999616,14570000384,15776000000,209.30739,170.0,255.0,buy,23,Industrials,Aerospace & Defense
AIXA.DE,54.84,6185176576,43.907127,103.4717,1.249,0.53,59378000.0,-73.8121805247443,-68.25503750394286,-0.472,,18.119505540772675,-37.52568291286335,48516000.0,269903984,2770000,272673984,45.62667,23.5,55.3,hold,15,Technology,Semiconductor Equipment & Materials
ALAB,221.04,37888008192,52.924698,149.35135,4.1765,1.48,308361000.0,93.40010787621831,13.961704911247196,0.934,1.444,76.25510359610975,20.052146672244543,67012000.0,1142623984,41850000,1184473984,242.51474,153.3243,297.0,buy,22,Technology,Semiconductors
ALFA.ST,541.0,223609536512,24.658157,27.323233,21.94,19.8,15919000000.0,-13.063186063022226,-16.8546954977541,-0.033,-0.046,38.80268861109366,17.09278220993781,708000000.0,-13966000128,18990000128,5024000000,545.82355,420.0,635.0,buy,17,Industrials,Specialty Industrial Machinery
ALGN,161.93,11597122560,13.089345,27.215126,12.37113,5.95,1047561000.0,5.2593449281012505,5.209341844666815,0.062,0.239,nan,nan,187261000.0,943789984,116044000,1059833984,209.07143,175.0,240.0,buy,14,Healthcare,Medical Instruments & Supplies
ALLE,132.16,11357284352,13.846239,18.054646,9.54483,7.32,1033600000.0,9.735640726191729,0.038714672861006605,0.097,-0.07,43.97252321981424,18.895123839009287,80300000.0,-1915499872,2224399872,308900000,167.58333,150.0,189.0,buy,12,Industrials,Security & Protection Services
AMAT,445.44,353465892864,30.807552,45.72793,14.45717,9.74,7012000000.0,-2.149037119732067,3.117647058823536,-0.021,0.752,48.987450085567595,29.891614375356536,1040000000.0,1320999936,7190000128,8511000064,444.2353,280.0,550.0,strong_buy,34,Technology,Semiconductor Equipment & Materials
AMD,452.145,737243430912,35.028362,151.72148,12.90754,2.98,10270000000.0,34.10812222512405,11.075059485182791,0.378,0.912,54.30379746835443,17.05939629990263,2378000000.0,8475999744,3871000064,12346999808,451.58334,225.0,625.0,strong_buy,48,Technology,Semiconductors
AME,231.365,53029556224,26.25764,34.949398,8.81134,6.62,1928437000.0,11.343492471871652,-3.5032685363842297,0.113,0.145,37.20935659292992,26.70224643065861,426048000.0,-1974383936,2455633920,481249984,259.1579,217.0,280.0,buy,19,Industrials,Specialty Industrial Machinery
AMGN,336.62,181774794752,14.332483,23.425192,23.48651,14.37,8618000000.0,5.755307399680953,-12.649503344820602,0.058,0.044,68.1596658157345,30.935251798561154,1477000000.0,-45285000192,57322999808,12037999616,353.06668,200.0,432.0,buy,30,Healthcare,Drug Manufacturers - General
AMKR,74.65,18503684096,30.469887,42.902298,2.44996,1.74,1684701000.0,27.476760683275646,-10.770129541335328,0.275,2.856,14.188393073904509,5.952807055970169,-79518000.0,231016960,1617483008,1848499968,75.5,60.0,90.0,buy,8,Technology,Semiconductor Equipment & Materials
ANET,145.95,183775772672,32.91343,50.154636,4.43436,2.91,2709000000.0,35.125698324022345,8.891389983117604,0.351,0.25,61.89737910668143,42.7390180878553,1639000000.0,12353200128,0,12353200128,188.902,173.0,220.0,strong_buy,26,Technology,Computer Hardware
AOS,57.675,7949265920,13.799861,15.38,4.17939,3.75,945600000.0,-1.8985371926548367,3.627397260273968,-0.019,-0.105,38.673857868020306,17.11082910321489,118900000.0,-452999968,656899968,203900000,71.3,59.0,84.0,buy,10,Industrials,Specialty Industrial Machinery
AOSL,41.2,1233098624,-101.72839,,-0.405,-3.6,163792000.0,-0.5120417894129425,0.9422973814116498,-0.005,,21.081615707726872,-8.582836768584547,-20573000.0,161861992,29135000,190996992,36.66667,22.0,50.0,hold,3,Technology,Semiconductors
APH,126.935,156159819776,22.555756,36.475574,5.62761,3.48,7620100000.0,58.38910829349408,18.342910389812083,0.584,0.241,36.74754924476057,25.573155207936903,829900000.0,-14165799424,18748899328,4583099904,181.72221,135.0,215.0,buy,18,Technology,Electronic Components
APLD,46.6408,13328520192,-66.629715,,-0.7,-0.38,126637000.0,139.2944199845052,0.03791798655490286,1.393,,42.487582618034224,-20.466372387217007,-720199000.0,-1097040128,2827480064,1730439936,52.8,40.0,97.0,strong_buy,10,Technology,Information Technology Services
ARGX.BR,696.6,43320000512,22.493343,36.338028,30.96916,19.17,1298000000.0,64.30379746835445,0.7860222676544515,0.626,1.14,90.67796610169492,30.354391371340522,,4392878912,47160000,4440038912,843.47736,600.0,991.0,strong_buy,15,Healthcare,Biotechnology
ARM,221.93,236133203968,72.68553,264.2024,3.05329,0.84,1242000000.0,26.347914547304164,9.4273127753304,0.201,0.457,nan,nan,181000000.0,3168999936,432000000,3600999936,223.14417,125.0,326.0,buy,36,Technology,Semiconductors
ARQQ,13.81,216152176,-13.028303,,-1.06,-2.57,,,,,,,,,36259000,719000,36978000,60.0,60.0,60.0,none,1,Technology,Software - Infrastructure
ARRY,8.62,1325983360,9.529811,,0.90453,-0.84,226044000.0,-17.871468433903036,-42.55421343817266,-0.261,,8.551432464475942,-20.519456389021606,36164000.0,-562504016,763206016,200702000,10.22727,8.0,16.0,buy,22,Technology,Solar
ASM.AS,903.6,44173455360,33.479984,44.932865,26.98926,20.11,862500000.0,6.613102595797282,23.514248890161827,0.028,,53.321739130434786,32.255072463768116,-46600000.0,909600000,72000000,981600000,918.1,639.0,1095.0,buy,20,Technology,Semiconductor Equipment & Materials
ASML,1594.8,614664110080,33.228207,52.25426,47.99537,30.52,8766900000.0,13.245495059097067,-9.78792150729052,0.132,0.192,52.98338067047646,36.01957362351572,-2607900000.0,5670700032,2705600000,8376300032,1667.2078,903.3629,2000.6106,strong_buy,15,Technology,Semiconductor Equipment & Materials
ATCO-A.ST,174.45,851075334144,27.215288,32.546642,6.41,5.36,40540000000.0,-11.846568670087853,-5.2405217147398435,-0.051,-0.052,42.22496299950666,20.377405032067095,4236000000.0,-14644998144,35472998400,20828000256,195.14285,145.0,220.0,buy,21,Industrials,Specialty Industrial Machinery
ATO,180.11,30063929344,20.278547,22.181034,8.8818,8.12,1342585000.0,14.165488235959378,82.05036068774747,0.006,0.145,60.836073693658136,38.3412595850542,-725289000.0,-9503539152,9629233152,125694000,190.27274,165.0,206.0,hold,11,Utilities,Utilities - Regulated Gas
AVGO,438.1,2074258178048,24.069551,85.39961,18.20142,5.13,19311000000.0,29.46500402252614,7.1940049958368,0.295,0.316,68.13215265910621,44.8759774221946,8010000000.0,-51882998784,66056998912,14174000128,475.49295,360.0,630.0,strong_buy,42,Technology,Semiconductors
AWK,127.085,24817225728,19.326372,22.532803,6.57573,5.64,1207000000.0,5.6917688266199695,-5.03540519276161,0.057,-0.048,59.154929577464785,32.3943661971831,-394000000.0,-15525999680,15708999680,183000000,137.27274,124.0,155.0,hold,11,Utilities,Utilities - Regulated Water
AZN,184.93,286798348288,31.325909,27.809021,5.90342,6.65,15288000000.0,12.511039152193115,-1.3868283558021055,0.125,0.053,82.48299319727892,27.773417059131344,1821000000.0,-26354000896,34029000704,7674999808,224.49,184.0,245.0,strong_buy,10,Healthcare,Drug Manufacturers - General
B,43.52,73093513216,9.495404,12.0220995,4.58327,3.62,5997000000.0,64.52674897119341,44.57569913211186,0.667,2.542,54.777388694347174,50.025012506253134,1619000000.0,2404999680,4726000128,7130999808,57.25867,31.0,69.88,buy,15,Basic Materials,Gold
BA.L,1917.0,56281149440,20.347296,28.191175,0.94214,0.68,,,,0.067,0.087,,,,-5690000128,9159000064,3468999936,2322.5,1700.0,2662.0,buy,18,Industrials,Aerospace & Defense
BANB.SW,76.8,5755049472,25.39817,38.78788,3.02384,1.98,,,,0.047,0.166,,,,-29284000,60272000,30988000,78.8,46.0,110.0,buy,10,Healthcare,Biotechnology
BAX,17.71,9146664960,8.8056,,2.01122,-1.91,2701000000.0,2.8952380952381063,-9.17955615332885,0.029,,32.987782302850796,2.4435394298407997,76000000.0,-7670000128,9687000064,2016999936,22.11538,18.0,40.0,hold,13,Healthcare,Medical Instruments & Supplies
BE,299.28,85128364032,71.32881,,4.19578,-0.03,751054000.0,130.36982280282555,-3.4241458280559023,1.304,,30.030330708577544,9.611825514543561,47428000.0,-461384960,2952817920,2491432960,237.38333,55.0,335.0,buy,24,Industrials,Electrical Equipment & Parts
BEP,34.25,22032486400,-26.625309,,-1.28637,-0.3,1514000000.0,-4.177215189873418,-1.624431448992858,-0.042,,48.54689564068692,7.5297225891677675,-1107000000.0,-34516001792,37394001920,2878000128,35.07692,20.0,42.0,buy,13,Utilities,Utilities - Renewable
BESI.AS,268.0,21231032320,46.738346,140.31413,5.73405,1.91,166354000.0,6.248962125566848,12.32469733492685,0.283,0.635,nan,nan,41204000.0,92325024,519112992,611438016,242.31818,140.0,340.0,none,22,Technology,Semiconductor Equipment & Materials
BIIB,194.38,28697704448,11.728687,20.878624,16.57304,9.31,2477800000.0,1.9251336898395754,8.704044924102838,0.019,0.311,73.32310920978287,18.556784244087495,559300000.0,-2279200000,6561900032,4282700032,217.02827,150.0,275.0,buy,29,Healthcare,Drug Manufacturers - General
BIP,38.655,17781594112,28.738708,58.568176,1.34505,0.66,6301000000.0,16.858308605341254,-0.04758883248731083,0.169,,26.91636248214569,25.186478336771938,-1139000000.0,-66141001984,68960002048,2819000064,43.54545,37.0,57.0,buy,11,Utilities,Utilities - Diversified
BNTX,92.12,23295698944,-16.78298,,-5.488894,-5.97,118100000.0,-35.393873085339166,-86.9847917125854,-0.354,,39.542760372565624,-573.666384419983,-499900000.0,13403800448,302800000,13706600448,127.82849,75.82204,158.20409,buy,18,Healthcare,Biotechnology
BRKS,,,,,,,,,,,,,,,0,0,0,,,,,0,,
BSX,53.225,79111249920,14.140617,22.269873,3.76398,2.39,5203000000.0,11.580527557366494,-1.5701853953840383,0.116,1.0,69.44070728425909,20.6034979819335,171000000.0,-9576000256,11029000192,1452999936,85.1875,60.0,110.0,strong_buy,32,Healthcare,Medical Devices
BWXT,208.9699,19144704000,40.26589,55.874302,5.18975,3.74,860217000.0,26.083827525657455,-2.8927280485684825,0.261,0.207,22.943978089249573,9.910406327705685,50094000.0,-1505588992,2017945984,512356992,234.72726,200.0,290.0,buy,11,Industrials,Aerospace & Defense
CAMT,166.81,7774092288,36.865475,173.76042,4.52483,0.96,128124000.0,9.234140144765668,1.6913638059257163,0.025,-0.1,50.02965876806843,24.729168617901408,,182449984,487811008,670260992,185.16667,160.0,220.0,buy,12,Technology,Semiconductor Equipment & Materials
CAT,914.22,421082365952,30.762054,45.438366,29.71908,20.12,19133000000.0,17.99568300955905,8.476017689080395,0.222,0.302,nan,nan,2249000000.0,-39749999360,43065999360,3316000000,913.2938,575.0,1165.0,buy,26,Industrials,Farm & Heavy Construction Machinery
CCJ,111.03,48357228544,57.258766,102.80555,1.9390917,1.08,845365000.0,7.085220766323119,-29.607470876737196,0.071,0.875,35.67500428808858,19.4174114140046,-100015000.0,98726080,1010993984,1109720064,138.0864,82.11321,173.48254,buy,9,Energy,Uranium
CDNS,353.06,97379598336,37.63693,82.29837,9.38068,4.29,1474220000.0,18.662294364140685,2.368284733014181,0.187,0.23,85.44755870901223,29.25859098370664,306962000.0,-1537200128,3083354112,1546153984,379.5473,275.0,425.0,strong_buy,26,Technology,Software - Application
CEG,277.08,100078534656,20.34185,24.052082,13.62118,11.52,6074000000.0,12.85767372723894,-7.549467275494671,0.638,10.91,16.298979255844586,13.269674020414884,-181000000.0,-21602000896,22466000896,864000000,367.4815,272.4,441.0,buy,20,Utilities,Utilities - Independent Power Producers
CFLT,30.99,11133729792,47.630024,,0.64704,-0.86,314819000.0,20.51871985299747,5.45852259784807,0.205,,74.69593639519852,-31.501910621658798,35518000.0,948600960,1105371008,2053971968,31.0,31.0,31.0,hold,8,Technology,Software - Infrastructure
CGNX,65.675,10929598464,37.840378,77.26471,1.73558,0.85,252338000.0,9.863116281499806,-8.867717377172324,0.243,1.223,65.74673652006436,13.979662199113887,72306000.0,222739000,74017000,296756000,75.05,55.0,94.0,buy,20,Technology,Scientific & Technical Instruments
CHKP,119.8,12462531584,10.481428,12.325103,11.42974,9.72,668400000.0,4.797742238946379,-10.269834877164719,0.048,0.058,85.38300418910832,27.692998204667862,435900000.0,795299968,1973500032,2768800000,144.32259,120.0,201.0,buy,31,Technology,Software - Infrastructure
CI,297.185,78615060480,8.85877,11.709417,33.54698,25.38,68752000000.0,4.964885496183213,-5.001934449787216,0.046,0.291,nan,nan,864000000.0,-23048000512,30900000768,7852000256,340.5,290.0,378.0,strong_buy,24,Healthcare,Healthcare Plans
CMI,713.965,98519367680,21.500969,37.127666,33.20618,19.23,8398000000.0,2.7403963787619334,-1.6166822867853758,0.027,-0.21,26.70874017623244,11.907597046915933,120000000.0,-5057999872,8240000000,3182000128,721.43945,520.0,845.0,buy,19,Industrials,Specialty Industrial Machinery
CNA.L,202.6,9175620608,13.555467,,0.14946,-0.02,,,,-0.0,29.889,,,,1453000192,2856000000,4309000192,220.0,190.0,250.0,buy,14,Utilities,Utilities - Independent Power Producers
CNC,59.03,29148835840,13.232192,,4.46109,-13.05,49944000000.0,7.1299871299871365,0.44042232277525795,0.051,0.183,11.128463879545091,3.726173314111805,4166000000.0,7369999360,16371000320,23740999680,54.94118,40.0,70.0,buy,17,Healthcare,Healthcare Plans
COHR,403.525,78945361920,50.343082,192.15477,8.0155,2.1,1685629000.0,17.492864187806912,6.5924149697289325,0.205,,36.94881851225863,11.783375819946144,-95698000.0,-1001384960,3425114880,2423729920,376.25894,230.0,455.43787,buy,21,Technology,Scientific & Technical Instruments
COHU,49.0,2311591936,33.627518,,1.45714,-1.19,125119000.0,29.259171255307503,2.3635768632905174,0.293,,46.2799414956961,-8.298499828163589,8287000.0,158621984,330078016,488700000,57.42857,50.0,65.0,strong_buy,7,Technology,Semiconductor Equipment & Materials
COLO-B.CO,399.3,89988964352,15.065014,42.751602,26.50512,9.34,7043000000.0,1.2944052926794125,1.2216154067260732,0.022,,67.22987363339486,26.267215675138434,1819000000.0,-23160999744,24227999744,1067000000,483.3,380.0,760.0,hold,20,Healthcare,Medical Instruments & Supplies
COP,117.9401,143685713920,13.432279,19.956024,8.78035,5.91,15761000000.0,-4.577102379366716,17.689665471923544,-0.053,-0.202,27.257153733900136,21.489753188249477,1347000000.0,-16964000768,23327000576,6362999808,140.59259,121.0,183.0,buy,27,Energy,Oil & Gas E&P
CRUS,163.745,8352204288,17.445051,20.885841,9.38633,7.84,580624000.0,4.4780094217059085,3.5054192812321805,0.057,0.193,53.06807848108242,26.338387665683815,285674000.0,753650008,133977000,887627008,181.4,140.0,200.0,buy,5,Technology,Semiconductors
CRWD,576.885,146838306816,93.52809,,6.16804,-0.68,1305375000.0,23.318671601775275,5.763123012953675,0.233,,76.12195729196591,1.0560949918605764,378149000.0,4410048064,820076992,5230125056,493.19452,368.0,706.0,buy,51,Technology,Software - Infrastructure
CVS,97.375,124243419136,11.687263,42.708332,8.33172,2.28,100426000000.0,6.1720302786822945,-4.983300691625747,0.061,0.631,15.557724095353793,4.66014777049768,3400000000.0,-66543002624,78345003008,11802000384,100.61538,79.0,140.0,strong_buy,26,Healthcare,Healthcare Plans
CVX,185.64,369720197120,15.507217,32.285217,11.9712,5.75,45787000000.0,-5.269582488517399,-4.945089165230754,0.023,-0.445,nan,nan,5525000000.0,-40100998656,45427998720,5327000064,214.69565,170.0,236.0,buy,23,Energy,Oil & Gas Integrated
CYBR,,,,,,,,,,,,,,,0,0,0,,,,,0,,
DDOG,203.8,72544690176,71.798485,522.56415,2.8385,0.39,1006426000.0,32.154426546806334,5.584592433439584,0.322,1.04,79.21079145411585,0.7280217323479322,289091000.0,3473565056,1285052032,4758617088,220.5726,128.85,320.0,strong_buy,47,Technology,Software - Application
DE,585.51,158150524928,25.439415,33.060986,23.01586,17.71,9344000000.0,13.096102638586293,-22.738548040350594,-0.111,-0.085,32.79109589041096,13.784246575342465,-1578000000.0,-39643001856,48473001984,8830000128,665.09955,500.0,793.0,buy,23,Industrials,Farm & Heavy Construction Machinery
DEMANT.CO,235.8,49729892352,15.793831,21.053572,14.92988,11.2,,,,0.034,-0.634,,,,-19658000256,20988000256,1330000000,237.78947,170.0,275.0,buy,19,Healthcare,Medical Devices
DGX,188.37,20851886080,16.142328,20.814363,11.66932,9.05,2895000000.0,9.162895927601799,3.1717747683535302,0.092,0.155,32.538860103626945,13.955094991364422,164000000.0,-6015000000,6408000000,393000000,223.25,184.0,245.0,buy,16,Healthcare,Diagnostics & Research
DHR,167.425,118498500608,18.408344,32.44671,9.09506,5.16,5951000000.0,3.6578993206758392,-12.971629131324946,0.037,0.098,60.34279952949084,22.584439589984875,1085000000.0,-13982999552,19683999744,5701000192,250.0,205.0,310.0,strong_buy,22,Healthcare,Diagnostics & Research
DIOD,100.53,4618824192,20.146294,54.340538,4.99,1.85,391578000.0,15.408284163183982,-0.15095494300940704,0.221,,31.138112968552882,3.3525887562631205,12414000.0,299371984,104878000,404249984,129.5,120.0,139.0,strong_buy,2,Technology,Semiconductors
DNA,8.263,539776256,-2.5741432,,-3.21,-5.38,19474000.0,-49.06094690034005,-41.68762726074979,-0.491,,84.09160932525418,-366.5091917428366,-48619000.0,-37244000,410700000,373456000,8.5,5.0,12.0,hold,2,Healthcare,Biotechnology
DNN,3.44,3110739200,-87.26534,,-0.03942,-0.23,1222000.0,4.444444444444451,16.937799043062206,-0.196,,nan,-1878.8052373158755,-39838000.0,-168601024,729995008,561393984,4.954565,4.2151484,5.6939816,none,2,Energy,Uranium
DOV,215.0,28952203264,18.549147,26.841448,11.59083,8.01,2053623000.0,10.05134349985719,-2.165521164282047,0.101,0.053,38.86472833621361,14.896064175362275,130789000.0,-1648196992,3290113024,1641916032,248.53049,168.0,279.0,buy,21,Industrials,Specialty Industrial Machinery
DRX.L,851.5,2862873856,15.0833435,42.575,0.56453,0.2,,,,-0.087,,,,,-775500000,1077600000,302100000,970.0,745.0,1120.0,hold,10,Utilities,Utilities - Renewable
DSY.PA,19.53,25648590848,13.916303,21.228262,1.40339,0.92,1509200000.0,-4.049844236760125,-10.220107079119567,-0.041,0.108,84.02464882056718,23.03206997084548,925100000.0,2395500032,2479399936,4874899968,22.97,15.0,33.35,hold,20,Technology,Software - Application
DT,36.58,10778405888,16.453686,67.74074,2.22321,0.54,515473000.0,18.181943237598276,4.37866635348052,0.194,-0.526,81.40814358850997,14.1109233655303,27234000.0,1007776992,164324000,1172100992,47.74941,36.0,60.0,buy,34,Technology,Software - Application
DUK,123.57,96334708736,17.239744,19.010769,7.16774,6.5,9178000000.0,11.261971148017945,15.621063240110855,0.113,0.12,48.834168664196994,25.506646328176075,-2576000000.0,-89068998912,91208998912,2140000000,139.66667,131.0,146.0,buy,18,Utilities,Utilities - Regulated Electric
DVN,46.815,53977223168,8.807477,13.04039,5.31537,3.59,4121000000.0,-6.404724051782873,-4.848764719464327,-0.008,-0.753,23.804901722882796,20.40766804173744,601000000.0,-6939000064,8702000128,1763000064,59.41667,44.0,69.0,strong_buy,24,Energy,Oil & Gas E&P
DXCM,58.12,22426937344,19.075752,24.944206,3.0468,2.33,1191900000.0,15.048262548262548,-5.374722134010801,0.15,0.922,62.94991190536119,21.41958217971306,449000000.0,1030400000,1384800000,2415200000,83.28,65.0,112.0,strong_buy,25,Healthcare,Medical Devices
ED,106.45,39229984768,16.401676,17.951096,6.49019,5.93,3994000000.0,8.85799945489234,-11.83222958057395,0.062,0.129,51.10165247871807,12.518778167250877,176000000.0,-27030000960,27177000960,147000000,111.3125,97.0,130.0,hold,16,Utilities,Utilities - Regulated Electric
EDP.LS,4.403,18201655296,14.941631,16.307405,0.29468,0.27,4163491000.0,0.4303789346372655,9.892018683927063,-0.008,-0.1,33.866411624283565,15.089740796845724,-44308000.0,-20022294016,23658758144,3636464128,4.84286,3.7,5.95,buy,21,Utilities,Utilities - Diversified
EDPR.LS,14.2,14924669952,29.790625,67.61905,0.47666,0.21,1323067000.0,,,-0.1,,83.98531593638116,-33.93909756648756,,-9423999808,10250999808,827000000,14.09348,9.0,16.5,buy,23,Utilities,Utilities - Renewable
ELV,395.69,85928984576,13.539542,16.752329,29.22477,23.62,50181000000.0,2.638522427440626,0.8724144169497627,0.026,-0.168,,5.302803850062773,4097000000.0,5230997504,31842000896,37072998400,388.9524,331.0,474.0,buy,21,Healthcare,Healthcare Plans
EMR,138.39,77512237056,19.338612,31.96074,7.15615,4.33,4562000000.0,2.933212996389889,4.970087436723425,0.029,0.279,53.090749671196846,19.75010960105217,694000000.0,-12265999872,14056999936,1791000064,164.87259,104.0,205.0,buy,27,Industrials,Specialty Industrial Machinery
ENEL.MI,9.724,96493813760,12.989928,25.589474,0.74858,0.38,16142000000.0,-0.603448275862073,-0.061911837543338066,-0.067,-0.053,34.18411597075951,8.679221905587907,2040000000.0,-65668003840,70365003776,4696999936,10.20682,8.8,12.0,buy,22,Utilities,Utilities - Diversified
ENGI.PA,27.35,69494554624,13.121785,18.112583,2.08432,1.51,,,,-0.066,-0.594,,,,-39822001152,55187001344,15365000192,30.52778,24.5,33.5,buy,18,Utilities,Utilities - Diversified
ENPH,45.83,6040312832,18.775402,45.37624,2.44096,1.01,282900000.0,-20.552453915368286,-17.5989817109935,-0.206,,35.48709791445741,-9.12548603746907,82973000.0,318514048,612126976,930641024,40.37778,27.0,62.0,hold,27,Technology,Solar
ENR.DE,178.64,151995596800,30.607698,70.608696,5.83644,2.53,9675000000.0,8.197271303958843,-7.220943613348673,0.033,0.807,21.63307493540052,9.095607235142118,2807000000.0,7964999680,3729999872,11694999552,178.6784,100.0,250.0,buy,25,Industrials,Specialty Industrial Machinery
ENTG,140.98,21471252480,30.613483,81.491325,4.60516,1.73,811900000.0,5.005173305742372,-1.4564874377958503,0.05,0.463,46.90232787289075,17.440571498953073,141500000.0,-3314799904,3757499904,442700000,160.1,115.0,205.0,buy,10,Technology,Semiconductor Equipment & Materials
EOG,135.265,72046002176,9.402432,13.300393,14.38617,10.17,6758000000.0,15.679561793906194,19.54714310985317,0.156,0.396,65.83308671204499,36.889612311334716,1322000000.0,-4456999936,8305999872,3848999936,156.7931,136.0,199.0,buy,29,Energy,Oil & Gas E&P
EPIR.ST,,,,,,,,,,,,,,,0,0,0,,,,,0,,
ESTC,50.03,5178155520,17.596308,,2.84321,-0.79,449881000.0,17.744312099727022,6.234045919415521,0.177,,76.3406323005417,0.13581369295435902,41801000.0,656369920,591676032,1248045952,78.59072,49.35866,116.0,none,26,Technology,Software - Application
ET,20.405,70216851456,13.364291,17.004166,1.52683,1.2,25320000000.0,29.573716800573145,26.89185125789315,0.321,-0.036,17.428909952606634,9.29304897314376,-225000000.0,-70155002944,71106002944,951000000,22.97727,19.5,26.0,buy,22,Energy,Oil & Gas Midstream
ETN,405.99,157645914112,25.866386,39.763954,15.69566,10.21,7451000000.0,16.84177512937117,5.613040396881641,0.168,-0.094,35.592537914373914,15.729432290967654,314000000.0,-21082000960,21833000960,751000000,447.92108,321.0,514.0,buy,28,Industrials,Specialty Industrial Machinery
EW,81.265,46792388608,24.163073,43.927025,3.36319,1.85,1569600000.0,13.263097128012703,1.0623913463395862,0.167,0.082,nan,nan,353500000.0,2968600064,702899968,3671500032,97.14815,84.0,110.0,buy,27,Healthcare,Medical Devices
EXAS,104.91,20026083328,55.215794,,1.9,-1.1,878381000.0,23.12187422906995,3.2491751289173365,0.231,,70.10921228942793,-9.356873611792604,120446000.0,-1570116032,2534827008,964710976,106.3,105.0,118.0,hold,10,Healthcare,Diagnostics & Research
EXC,44.2701,45297524736,14.566462,16.216154,3.03918,2.73,5412000000.0,-1.0784134527508704,-19.2841163310962,0.079,-0.003,nan,nan,-1190000000.0,-50528000960,51241000960,713000000,50.0,43.0,58.0,hold,18,Utilities,Utilities - Regulated Electric
FANG,198.82,55930716160,11.815444,200.8283,16.82713,0.99,4210000000.0,4.440585462664348,26.010176593834178,0.042,-0.984,37.933491686460805,36.00950118764846,581000000.0,-13724000384,13898000384,174000000,228.7,195.0,277.0,buy,30,Energy,Oil & Gas E&P
FAST,43.8001,50284048384,32.032837,38.76115,1.36735,1.13,2201700000.0,12.366030417474727,8.597218111867422,0.124,0.138,44.64277603669892,20.32974519689331,319500000.0,-136900000,445500000,308600000,46.575,39.9,55.0,hold,12,Industrials,Industrial Distribution
FE,44.34,25647638528,15.049538,24.097826,2.94627,1.84,4202000000.0,11.606905710491366,10.666315512246506,0.116,0.129,62.16087577344121,19.704902427415515,-1107000000.0,-28008000256,28060000256,52000000,53.23077,49.0,56.0,buy,13,Utilities,Utilities - Regulated Electric
FLEX,144.74,53217124352,21.939945,62.120174,6.5971,2.33,7058000000.0,7.657107992678469,3.7330981775426153,0.169,0.171,nan,nan,272000000.0,-1927000320,4316000256,2388999936,156.375,80.0,180.0,strong_buy,8,Technology,Electronic Components
FLNC,21.835,4020737792,169.12164,,0.12899,-0.31,464891000.0,7.708899999536634,-2.176401520093263,0.077,,10.03030817976687,-8.434235121781235,-127871000.0,-14668992,401968000,387299008,17.76471,9.0,28.0,hold,17,Utilities,Utilities - Renewable
FLS,68.88,8803347456,14.928995,25.323528,4.61384,2.72,1068269000.0,-6.664144553765128,-12.593939899737439,-0.067,0.143,35.55668094833792,10.899969951388648,-59979000.0,-1097971008,1890324992,792353984,90.0,83.0,100.0,buy,10,Industrials,Specialty Industrial Machinery
FORM,128.305,10001985536,46.070015,147.477,2.785,0.87,226144000.0,31.97320198884195,5.103572640277365,0.32,2.25,38.379970284420544,10.4897764256403,29769000.0,271389992,31891000,303280992,142.44444,64.0,175.0,buy,9,Technology,Semiconductor Equipment & Materials
FRSH,8.215,2270906880,10.346739,13.467213,0.79397,0.61,222740000.0,14.47749150695632,3.5431716546267644,0.165,,85.5571518362216,17.83873574571249,56230000.0,740441992,38795000,779236992,11.75,8.0,16.0,buy,12,Technology,Software - Application
FSLR,230.79,24799160320,9.601579,14.908915,24.03667,15.48,1044240000.0,23.641909236438032,-37.94561624738082,0.236,0.651,46.55357006052249,33.06739829924155,-333395000.0,1839438016,587123008,2426561024,246.20552,150.0,313.0,buy,29,Technology,Solar
FTNT,120.25,88100970496,35.085518,46.60853,3.42734,2.58,1905000000.0,14.752123366062285,10.441184996231655,0.201,0.286,79.56955380577428,32.83989501312336,577400000.0,2727699968,567200000,3294899968,106.47222,70.0,130.0,hold,36,Technology,Software - Infrastructure
FTV,59.52,18145329152,18.490213,34.80702,3.219,1.71,1069400000.0,7.683012788238841,-4.730512249443208,0.077,-0.124,63.16626145502151,17.925939779315502,234800000.0,-3225999968,3582099968,356100000,63.46667,51.0,73.0,hold,15,Technology,Scientific & Technical Instruments
GD,341.245,92282945536,18.859503,21.50252,18.09406,15.87,13481000000.0,10.292072322670375,-6.245218721746992,0.103,0.12,15.896446851123805,10.533343223796454,1952000000.0,-6177999360,9831999488,3654000128,392.3119,313.0,444.0,buy,21,Industrials,Aerospace & Defense
GEA.DE,,,,,,,,,,,,,,,0,0,0,,,,,0,,
GEN,23.37,14154361856,7.104726,14.88535,3.28936,1.57,1240000000.0,25.76064908722109,1.6393442622950838,0.27,2.652,78.38709677419354,35.80645161290323,535000000.0,-7784999744,8195999744,411000000,30.00778,22.0,46.0,buy,9,Technology,Software - Infrastructure
GEV,1063.395,285755506688,42.94517,31.084333,24.76169,34.21,9338000000.0,16.259960159362553,-14.768163563344283,0.163,18.165,19.072606553865924,1.9168986935103876,4791000000.0,6017000192,3755000064,9772000256,1206.5575,836.0,1424.0,buy,32,Industrials,Specialty Industrial Machinery
GGG,77.29,12827680768,22.891518,25.258171,3.37636,3.06,540144000.0,2.245004580869381,-8.937277883052685,0.022,-0.028,51.95670043543944,25.507086999022484,108107000.0,659281008,52890000,712171008,92.0,84.0,100.0,buy,8,Industrials,Specialty Industrial Machinery
GMAB.CO,1684.0,103386488832,15.621054,20.121878,107.80323,83.69,1058000000.0,42.24723645956385,3.522504892367917,0.253,-0.728,92.34404536862004,22.967863894139885,288000000.0,-3826000128,5351000064,1524999936,2316.1936,1400.0,3046.0,buy,15,Healthcare,Biotechnology
GNRC,270.1,15900430336,24.468151,84.1433,11.03884,3.21,1059365000.0,12.444685979826374,-2.9444692827511387,0.124,0.699,38.72470772585464,11.07182132692698,89888000.0,-1127935984,1393465984,265530000,272.4,212.0,325.0,buy,15,Industrials,Specialty Industrial Machinery
GSK,50.92,102222520320,9.729403,13.157622,5.23362,3.87,7629000000.0,1.5034592868547136,-11.47598050591785,0.015,0.084,75.42272906016517,30.056363874688685,698000000.0,-15668999424,19111999488,3443000064,57.6525,47.0,70.0,hold,8,Healthcare,Drug Manufacturers - General
HAL,41.15,34376617984,14.308864,22.734808,2.87584,1.81,5402000000.0,-0.27690603655159407,-4.507689588120911,-0.003,1.335,14.494631617919291,12.569418733802296,81000000.0,-6077999872,8080999936,2003000064,42.36,31.0,55.0,buy,25,Energy,Oil & Gas Equipment & Services
HEXA-B.ST,95.28,255767511040,17.876173,11.52116,5.33,8.27,963600000.0,-33.45303867403315,-32.55879059350504,0.002,7.437,62.84765462847655,24.13864674138647,197900000.0,-1275900160,3254000128,1978099968,112.283585,93.93646,146.76003,buy,14,Technology,Scientific & Technical Instruments
HII,336.835,13272655872,16.500849,21.915094,20.41319,15.37,3099000000.0,13.350402340892465,-10.845799769850405,0.134,0.0,13.165537270087125,4.84027105517909,-464000000.0,-2715000064,2931000064,216000000,398.27274,298.0,460.0,buy,11,Industrials,Aerospace & Defense
HIK.L,1427.0,3059082752,7.771266,10.649254,1.8362517,1.34,,,,0.085,0.235,,,,-1361000000,1604000000,243000000,1893.7684,1348.0309,2630.3176,buy,11,Healthcare,Drug Manufacturers - Specialty & Generic
HLMA.L,4696.0,17736869888,37.124584,51.043476,1.26493,0.92,,,,0.152,0.37,,,,-640600032,863500032,222900000,4032.647,3050.0,4930.0,buy,17,Industrials,Conglomerates
HO.PA,223.6,45945663488,18.330996,27.536947,12.19792,8.12,,,,0.071,1.512,,,,-1638400000,6129500160,4491100160,294.44443,250.0,390.0,buy,18,Industrials,Aerospace & Defense
HOLO,1.7107,39196176,,,,-0.59,,,,0.51,,,,,2692502080,50038464,2742540544,,,,none,0,Technology,Electronic Components
HOLX,76.01,16968846336,15.664253,31.53942,4.861,2.41,1047800000.0,2.5445292620865034,-0.17149390243902385,0.025,-0.092,55.96487879366291,22.991028822294332,194800000.0,-153700096,2520300032,2366599936,76.66667,76.0,78.0,hold,9,Healthcare,Medical Instruments & Supplies
HON,218.13,138218766336,19.007362,34.845047,11.47608,6.26,9143000000.0,2.4425770308123207,33.2798833819242,0.024,-0.419,38.70720769987969,18.998140654052282,-873000000.0,-25361001472,37751001088,12389999616,247.8988,198.0,294.0,buy,25,Industrials,Conglomerates
HUM,304.25,36528713728,19.83364,32.505344,15.3401,9.36,39648000000.0,23.467862481315404,21.937567276641555,0.235,-0.046,,4.509685230024213,1133000000.0,7594000384,14371000320,21965000704,243.70833,146.0,333.0,hold,24,Healthcare,Healthcare Plans
IBE.MC,19.545,132082089984,18.278997,24.43125,1.06926,0.8,12017600000.0,-45.62744948733683,17.671941093529696,-0.045,-0.186,53.49903474903475,21.563373718546135,,-54875000320,59747000320,4872000000,19.30909,14.5,22.0,hold,22,Utilities,Utilities - Diversified
IBM,219.7,206492794880,16.33003,19.459698,13.45374,11.29,15917000000.0,9.46289801251634,-19.14969269060801,0.095,0.142,56.229188917509575,13.941069296978073,4778000000.0,-58019000320,69802000384,11783000064,278.1765,195.0,335.0,buy,20,Technology,Information Technology Services
ICHR,74.12,2575693312,28.367384,,2.61286,-1.48,223606000.0,-4.1514674805286145,-6.556733083712219,0.047,,nan,nan,5921000.0,-69575992,158664992,89089000,76.71429,60.0,90.0,strong_buy,7,Technology,Semiconductor Equipment & Materials
IEX,210.585,15586460672,22.82319,31.105614,9.2268,6.77,886900000.0,8.915633059069151,-1.3569124680235745,0.089,0.278,44.8866839553501,20.27286052542564,86000000.0,-1313099968,1899299968,586200000,237.7143,210.0,260.0,buy,14,Industrials,Specialty Industrial Machinery
IFX.DE,68.37,88846794752,27.059011,83.37805,2.5267,0.82,3662000000.0,6.95093457943925,-7.150101419878297,,,39.92353904969962,10.595303113052976,-167000000.0,-6141000192,8294000128,2152999936,64.3125,47.0,75.0,strong_buy,24,Technology,Semiconductors
ILMN,145.39,21997506560,24.594269,26.434546,5.91154,5.5,1091000000.0,4.8030739673391,-5.867126833477132,0.048,0.061,66.08615948670943,19.156736938588452,251000000.0,-1388999936,2544000000,1155000064,140.66667,95.0,175.0,buy,18,Healthcare,Diagnostics & Research
IMI.L,2728.0,6545436672,17.912016,22.0,1.523,1.24,,,,0.091,0.649,,,,-528799968,643699968,114900000,3025.333,2500.0,3350.0,buy,15,Industrials,Specialty Industrial Machinery
INDI,4.4501,940255360,31.00899,,0.14351,-0.76,58007000.0,-0.0034477408678013077,8.06878306878307,0.026,,37.3041184684607,-56.941403623700594,-16097000.0,-256474016,430907008,174432992,6.10714,4.75,8.0,strong_buy,7,Technology,Semiconductors
INOD,96.64,3155813888,48.175472,86.28571,2.006,1.12,72376000.0,22.298073673538354,15.709032773780972,0.544,0.909,38.272355476953685,15.103072841826021,10063000.0,113267000,4099000,117366000,95.25,80.0,111.0,strong_buy,4,Technology,Information Technology Services
IONQ,56.95,21257723904,-54.633015,146.02565,-1.04241,0.39,61890000.0,428.52263023057213,55.24507098780915,7.547,,29.563742123121667,-369.4150912910001,-80338000.0,2003026952,30443000,2033469952,66.37714,44.78,100.0,strong_buy,14,Technology,Computer Hardware
IQE.L,50.0,489941152,-45.41326,,-0.01101,-0.05,,,,-0.315,,,,,-69835000,86825000,16990000,40.0,40.0,40.0,hold,1,Technology,Semiconductor Equipment & Materials
IR,71.89,28133203968,18.692148,48.57432,3.846,1.48,1847200000.0,7.595526561043808,-11.667941851568475,0.076,0.065,42.89735816370723,17.009527934170638,163400000.0,-3659599744,4951199744,1291600000,94.0,82.0,115.0,buy,15,Industrials,Specialty Industrial Machinery
ISRG,430.33,152406900736,36.46651,52.415344,11.80069,8.21,2770800000.0,22.960859146179114,-3.3284488172493187,0.23,0.188,66.06395264905443,30.868341273278478,808600000.0,4517300224,0,4517300224,576.9062,378.0,750.0,buy,29,Healthcare,Medical Instruments & Supplies
ITT,203.485,18281056256,22.125751,35.88801,9.19675,5.67,1054000000.0,13.455328310010772,5.494945450905808,0.327,-0.331,nan,nan,187200000.0,-3364199936,3964999936,600800000,244.76923,175.0,271.0,buy,13,Industrials,Specialty Industrial Machinery
ITW,250.995,72211259392,20.618332,23.283396,12.17339,10.78,4093000000.0,4.09460834181079,0.837644740083765,0.046,0.118,nan,nan,858000000.0,-8321000256,9148000256,827000000,275.04187,219.0,317.0,hold,16,Industrials,Specialty Industrial Machinery
JBL,357.3325,37699514368,24.532513,48.093204,14.56567,7.43,8282000000.0,23.097502972651608,-0.2769416014449133,0.231,0.962,9.007486114465104,4.672784351605892,308000000.0,-2607000192,4437000192,1830000000,311.0,273.0,355.0,none,9,Technology,Electronic Components
JCI,144.32,88051884032,25.381775,44.26994,5.68597,3.26,5797000000.0,6.837449318098043,-10.01241850357032,0.082,0.389,nan,nan,464000000.0,-8825000320,9523000320,698000000,151.19048,111.0,173.0,buy,21,Industrials,Building Products & Equipment
JNJ,230.055,553792241664,18.100258,26.626734,12.71004,8.64,24062000000.0,9.907276298360213,-2.0436411007979105,0.099,-0.529,66.31202726290417,26.577175629623472,1465000000.0,-32936001536,54987001856,22051000320,252.41667,155.0,285.0,buy,24,Healthcare,Drug Manufacturers - General
KION.DE,,,,,,,,,,,,,,,0,0,0,,,,,0,,
KLAC,1888.225,246654140416,37.90938,53.44537,49.80891,35.33,3415078000.0,11.493492226159141,3.576790351413006,0.115,0.118,61.123230567500954,41.214549125964325,622264000.0,-1187421696,6145359872,4957938176,1851.6897,1500.0,2100.0,buy,29,Technology,Semiconductor Equipment & Materials
KLIC,104.385,5462767616,24.638454,101.344666,4.23667,1.03,199625000.0,20.166261346945657,12.42805167888803,0.498,,49.57044458359424,8.926737633061991,-11609000.0,448078000,39786000,487864000,100.0,95.0,105.0,hold,3,Technology,Semiconductor Equipment & Materials
KMI,33.195,73853091840,21.834938,22.278522,1.52027,1.49,4828000000.0,13.841075218108934,7.098491570541254,0.138,0.36,50.66280033140017,29.90886495443248,687000000.0,-32129000704,32205000704,76000000,35.33333,31.0,43.0,buy,21,Energy,Oil & Gas Midstream
KNEBV.HE,49.83,25826074624,20.117321,26.36508,2.47697,1.89,2708300000.0,-8.983062239548323,-8.52810051337476,0.013,0.0,13.569397777203413,10.44935937673079,384000000.0,341299968,890700032,1232000000,61.67391,45.0,84.0,hold,23,Industrials,Specialty Industrial Machinery
LAES,3.045,678346816,-20.3,,-0.15,-0.24,,,,1.182,,,,,419696016,7998000,427694016,6.0,4.0,8.0,none,2,Technology,Semiconductors
LASR,80.5,4540900864,119.1604,,0.67556,-0.3,81185000.0,71.34505392456892,21.640046747175703,0.552,,30.73720514873437,-5.900104699143931,15930000.0,297010984,35583000,332593984,85.0,75.0,100.0,strong_buy,7,Technology,Semiconductors
LDO.MI,49.72,28687878144,18.060495,22.196428,2.75297,2.24,4448000000.0,-21.78653068401618,-26.588545964680645,0.069,-0.571,9.802158273381295,5.642985611510792,-411000000.0,-3076000000,4568999936,1492999936,69.25556,61.5,82.0,buy,18,Industrials,Aerospace & Defense
LECO,266.7,14611723264,22.114796,27.551653,12.0598,9.68,1121434000.0,11.65346459734684,3.9601748376540513,0.117,0.176,35.59121624634174,16.792874123666664,63007000.0,-1065937952,1364840960,298903008,294.1111,229.0,340.0,buy,9,Industrials,Tools & Accessories
LEU,189.95,3736847104,47.846348,69.07272,3.97,2.75,146200000.0,-3.562005277044855,95.1935914552737,0.049,-0.719,nan,nan,-58000000.0,689600000,1178599936,1868199936,278.64285,195.0,390.0,buy,14,Energy,Uranium
LH,254.325,20854648832,13.083275,22.506636,19.43894,11.3,3537600000.0,5.754685958566252,0.6200580237783804,0.058,0.329,28.657847127996384,10.945273631840797,70500000.0,-6313299968,7294400000,981100032,310.0588,270.0,340.0,buy,17,Healthcare,Diagnostics & Research
LHX,308.9,57546506240,22.689194,33.53963,13.61441,9.21,5744000000.0,11.925175370226038,1.6997167138810276,1.9,-0.061,24.40807799442897,11.176880222841227,-194000000.0,-6925000128,7926000128,1001000000,382.5263,300.0,443.0,buy,19,Industrials,Aerospace & Defense
LLY,1002.545,894010851328,22.63972,35.627045,44.28257,28.14,19799000000.0,55.542462094430036,2.6280323450134757,0.555,1.699,81.9334309813627,49.38633264306278,2803000000.0,-38088000512,43370000384,5281999872,1209.138,850.0,1500.0,buy,29,Healthcare,Drug Manufacturers - General
LMT,519.76,119837745152,16.200293,25.18217,32.08337,20.64,18021000000.0,0.32288593219396144,-11.318340632842872,0.003,-0.115,11.530991620886743,11.447755396481881,-291000000.0,-18802999936,20696999936,1894000000,637.6,511.0,756.0,hold,20,Industrials,Aerospace & Defense
LNG,240.13,50319691776,12.462581,40.631134,19.26808,5.91,5450000000.0,22.85843101893599,22.720108083764924,0.242,,71.57798165137615,69.79816513761467,1311000000.0,-26542999552,27847999488,1304999936,303.13635,259.0,340.0,strong_buy,22,Energy,Oil & Gas Midstream
LONN.SW,474.2,33120135168,21.745173,36.505005,21.80714,12.99,,,,,,,,,-3960000064,4679000064,719000000,669.6087,550.0,815.0,strong_buy,23,Healthcare,Diagnostics & Research
LR.PA,154.9,40490106880,23.94941,31.872425,6.4678,4.86,2537600000.0,4.863837348650768,1.1318348477602491,0.114,0.138,50.520176544766706,19.120428751576295,220400000.0,-4668599936,6610599936,1942000000,160.21053,114.0,180.0,buy,19,Industrials,Electrical Equipment & Parts
LRCX,299.3,374295887872,37.82412,56.57845,7.91294,5.29,5841488000.0,23.75575058128141,9.293104257958817,0.238,0.408,49.825095934460535,35.04271514381267,809816000.0,1016456960,3734479104,4750936064,310.46875,220.0,385.0,buy,32,Technology,Semiconductor Equipment & Materials
LSCC,124.315,17032131584,53.78808,887.9643,2.3112,0.14,170897000.0,42.23637120266335,17.219737708516234,0.422,3.372,68.83210354775099,15.606476415618765,34831000.0,100056000,39900000,139956000,145.0,105.0,175.0,strong_buy,13,Technology,Semiconductors
MDB,302.66,24324640768,42.732956,,7.08259,-0.88,695072000.0,26.74590352262407,10.625822644590489,0.267,0.022,73.03703788959993,0.043736476221168455,178470000.0,2324409960,62831000,2387240960,347.1011,250.0,495.0,buy,36,Technology,Software - Infrastructure
MDT,76.655,98416197632,12.641913,21.412012,6.06356,3.58,9017000000.0,8.743367100820066,0.624930253319933,0.087,-0.118,63.83497837418211,17.76644116668515,2300000000.0,-19688000000,28071000064,8383000064,108.0,90.0,121.0,none,25,Healthcare,Medical Devices
MEL.BR,,,,,,,,,,,,,,,0,0,0,,,,,0,,
MNDY,70.36,3627161088,12.9015465,30.724892,5.45361,2.29,333878000.0,24.592500820969043,5.372488993388136,0.245,0.096,88.81837078214197,0.7143327802370927,52150000.0,1034702976,177572992,1212275968,119.36,75.0,310.0,buy,25,Technology,Software - Application
MOH,188.66,9829186560,20.543365,50.715054,9.1835,3.72,10796000000.0,-3.148829281421006,-5.090109890109895,-0.043,-0.95,9.466469062615783,1.6302334197851056,1055000000.0,5304000256,3947000064,9251000320,182.25,129.0,262.0,hold,16,Healthcare,Healthcare Plans
MPC,249.23,72759369728,11.616244,16.407505,21.4553,15.19,34200000000.0,8.512866072278458,4.991711180696257,0.088,,6.228070175438597,3.0292397660818713,208000000.0,-32174999552,34325999616,2151000064,256.83334,186.0,335.0,buy,18,Energy,Oil & Gas Refining & Marketing
MPWR,1626.345,79902326784,53.925945,115.919106,30.15886,14.03,804185000.0,26.135982206997376,7.059794583008827,0.261,0.395,55.3436087467436,29.987129827092023,179404000.0,1347140992,19968000,1367108992,1797.1428,1500.0,2000.0,strong_buy,14,Technology,Semiconductors
MRK,112.85,278719692800,11.850543,31.788733,9.52277,3.55,16286000000.0,4.874750466868449,-0.6951219512195128,0.049,,74.24167997052683,-19.654918334766055,2927000000.0,-43414999552,49116999680,5702000128,129.74074,100.0,150.0,buy,27,Healthcare,Drug Manufacturers - General
MRNA,50.03,19851216896,-12.021992,,-4.16154,-8.14,389000000.0,263.5514018691589,-42.455621301775146,2.602,,-145.5012853470437,-356.81233933161957,-692000000.0,3907000192,1298000000,5205000192,43.36842,21.0,69.0,hold,19,Healthcare,Biotechnology
MRVL,185.78,162456846336,34.258675,60.318184,5.42286,3.08,2218700000.0,22.080994827775946,6.951072547601833,0.221,1.063,51.73750394375084,18.655068283228918,258300000.0,-2151500288,4790300160,2638799872,130.28372,85.0,195.0,strong_buy,39,Technology,Semiconductors
MTZ,427.065,33746061312,36.474785,74.66171,11.7085,5.72,3828801000.0,34.4515503290705,-2.8173765165744435,0.345,5.08,12.481818720795362,3.70356150659175,2086000.0,-2746243008,3019915008,273672000,468.22223,240.0,545.0,strong_buy,18,Industrials,Engineering & Construction
MU,795.685,896977076224,7.8145375,37.482567,101.7821,21.22,23860000000.0,196.28709797590963,74.888221065748,1.963,7.56,74.41324392288348,67.62363788767813,5516000000.0,3790999552,10798000128,14588999680,573.9048,249.0,1000.0,strong_buy,42,Technology,Semiconductors
MVIS,0.6011,196549328,-3.1636844,,-0.19,-0.35,223000.0,-86.48484848484848,-7.468879668049788,-0.865,,-7220.627802690584,-12541.70403587444,-15649000.0,38066000,36768000,74834000,,,,none,0,Technology,Scientific & Technical Instruments
MXL,89.95,8054659072,48.14872,,1.86817,-1.52,137188000.0,43.00397152179125,0.5511741769034462,0.43,,57.50065603405545,-12.19858879785404,-11111000.0,-90099992,151176992,61077000,49.45455,28.0,75.0,buy,11,Technology,Semiconductors
NCC.L,135.65,378325376,23.798244,,0.057,-0.03,,,,,,,,,-10300000,22800000,12500000,155.75,132.0,176.0,buy,4,Technology,Software - Infrastructure
NDSN,280.89,15669056512,22.771698,30.43229,12.33505,9.23,669461000.0,8.781157583438958,-10.954616796573646,0.088,0.442,54.68907075990984,24.856563713196138,122915000.0,-1962885024,2084673024,121788000,310.5,240.0,335.0,none,8,Industrials,Specialty Industrial Machinery
NDX1.DE,46.12,10923474944,19.9393,34.67669,2.31302,1.33,2539177000.0,51.978637087863746,35.53040254367335,0.106,6.333,nan,nan,556632000.0,1356302976,472779008,1829081984,45.7,15.8,59.0,buy,15,Industrials,Specialty Industrial Machinery
NEE,94.645,197367136256,21.556671,24.021572,4.39052,3.94,6701000000.0,7.267488394429322,3.092307692307683,0.073,1.6,58.94642590658111,29.115057454111327,-580000000.0,-102405001344,104403001344,1998000000,98.93,55.0,112.0,buy,22,Utilities,Utilities - Regulated Electric
NEOEN.PA,,,,,,,,,,,,,,,0,0,0,,,,,0,,
NEP,,,,,,,,,,,,,,,0,0,0,,,,,0,,
NET,200.64,70919462912,132.00955,,1.51989,-0.25,614507000.0,33.604162227739785,9.337629686829985,0.335,,nan,nan,99444000.0,639341824,3524536064,4163877888,234.17741,135.0,300.0,buy,31,Technology,Software - Infrastructure
NEX.PA,168.2,7356715520,18.472311,35.410526,9.10552,4.75,,,,,,,,,-266000000,1900000000,1634000000,158.0,130.0,185.0,buy,15,Industrials,Electrical Equipment & Parts
NGG,87.165,86738706432,14.232251,21.469212,6.12447,4.06,,,,-0.113,-0.124,,,,-41855001344,45914001408,4059000064,92.04866,70.0,101.69463,buy,4,Utilities,Utilities - Regulated Electric
NOC,550.0,78118412288,18.222118,17.246786,30.1831,31.89,9881000000.0,4.362061681453322,-15.633538251366119,0.044,0.849,19.836048982896468,10.009108389839085,-1823000000.0,-15484000640,17574000640,2090000000,710.6009,587.22,815.0,buy,22,Industrials,Aerospace & Defense
NOD.OL,200.2,39531618304,43.691948,172.58621,4.58208,1.16,192443000.0,28.129619026059636,13.53033485145243,0.241,7.848,52.113093227605056,5.2446698502933335,-11709000.0,113116000,166548992,279664992,189.62581,134.013,235.0,buy,16,Technology,Semiconductors
NOVN.SW,116.8,222865145856,15.396361,21.51013,7.5862083,5.43,13524000000.0,-0.7048458149779724,-2.4242424242424288,-0.007,-0.093,74.42324755989353,31.314699792960667,2869000000.0,-40105999360,46997999616,6892000256,121.67963,94.84467,139.77188,hold,21,Healthcare,Drug Manufacturers - General
NOW,90.94,93787152384,18.095425,54.130955,5.02558,1.68,3770000000.0,22.085492227979266,5.661434977578472,0.221,0.023,75.06631299734748,13.342175066312997,1529000000.0,2751000064,2431000064,5182000128,145.26773,85.0,240.0,strong_buy,44,Technology,Software - Application
NRG,131.115,27663491072,11.488025,145.68335,11.41319,0.9,7753000000.0,13.697023023903787,1.5455140798952272,0.195,-0.856,nan,nan,-170000000.0,-23179999104,23357999104,178000000,200.4706,96.0,290.0,buy,17,Utilities,Utilities - Independent Power Producers
NVAX,8.995,1479120768,-16.577284,,-0.54261,-0.56,147139000.0,66.61457802538754,108.8707502306764,-0.791,,84.9774702832016,10.219588280469488,-41724000.0,495274048,295057984,790332032,14.11333,7.0,25.0,buy,9,Healthcare,Biotechnology
NVDA,235.41,5701753634816,20.707727,48.04286,11.36822,4.9,68127000000.0,73.21451272533118,19.50847279233765,0.732,0.956,74.99669734466511,65.02414608011507,34904000000.0,51144000512,11411999744,62556000256,269.9549,140.0,380.0,strong_buy,57,Technology,Semiconductors
NVMI,563.52,17910341632,45.10704,70.79397,12.49295,7.96,222624000.0,14.303317827546902,-0.8833167117823004,0.143,0.224,57.600707920080495,27.28052680753198,48358000.0,249355008,799155008,1048510016,497.25,453.0,525.0,strong_buy,8,Technology,Semiconductor Equipment & Materials
NVO,46.215,204864208896,13.632791,10.697916,3.3899882,4.32,96823000000.0,23.99375056027251,22.337764075609012,0.24,0.671,85.95581628332111,61.57421273870878,12045000000.0,-124755996672,146381996032,21625999360,46.84656,39.730118,64.45638,buy,12,Healthcare,Drug Manufacturers - General
OKE,90.27,56873062400,14.572557,16.090908,6.19452,5.61,9618000000.0,19.582245430809397,6.1003861003861015,0.196,0.18,22.7386150966937,14.919941775836973,70000000.0,-33480000768,33652000768,172000000,95.0,84.0,113.0,buy,21,Energy,Oil & Gas Midstream
OKLO,65.8779,11462161408,-76.89369,,-0.85674,-0.84,0.0,,,,,,,-60379000.0,2205989024,2620000,2208609024,90.65789,14.0,140.0,buy,19,Utilities,Utilities - Independent Power Producers
OKTA,82.08,14392436736,19.386473,62.656494,4.23388,1.31,761000000.0,11.58357771260996,2.5606469002695365,0.116,1.708,77.92378449408672,6.57030223390276,252000000.0,2101999936,451000000,2552999936,99.95163,75.0,140.0,buy,43,Technology,Software - Infrastructure
OLED,92.52,4325392384,18.588167,20.605791,4.97736,4.49,142211000.0,-14.47343890014855,-17.762408415111576,-0.145,-0.437,74.60041768920829,30.061668928563893,60271000.0,494295000,22113000,516408000,125.375,100.0,168.0,buy,8,Technology,Electronic Components
ON,117.77,46154436608,27.611189,85.9635,4.2653,1.37,1513300000.0,4.6759355329598185,-1.09796745310764,0.047,,38.53168571994978,18.231679111874712,217200000.0,-842200064,3245799936,2403599872,103.44828,68.0,125.0,buy,29,Technology,Semiconductors
ONTO,280.31,13943619584,29.510756,129.77315,9.49857,2.16,291949000.0,9.50537682806527,9.399099173367897,0.095,-0.485,50.14197685212143,13.263617960671212,22737000.0,654163968,0,654163968,352.14285,330.0,370.0,strong_buy,7,Technology,Semiconductor Equipment & Materials
ORSTED.CO,162.55,214738632704,16.938343,,9.59657,-2.41,24663000000.0,39.47294011197195,23.41990692088276,0.334,-0.849,35.70936220248956,28.159591290597252,-1681000000.0,-19527000064,98263998464,78736998400,165.20833,120.0,210.0,buy,24,Utilities,Utilities - Renewable
OTIS,73.21,28091852800,15.522071,19.470745,4.71651,3.76,3566000000.0,6.447761194029855,-6.059009483667022,0.064,0.426,30.3421200224341,15.11497476163769,380000000.0,-7383999872,8217999872,834000000,94.35714,77.0,120.0,buy,14,Industrials,Specialty Industrial Machinery
OXIG.L,3085.5398,1704116864,27.982187,114.27925,1.10268,0.27,,,,-0.092,-0.499,,,,15800000,56500000,72300000,2662.857,2300.0,3000.0,buy,7,Technology,Scientific & Technical Instruments
OXY,57.02,56714072064,15.518772,77.054054,3.67426,0.74,5230000000.0,-8.309957924263678,198.51598173515984,-0.083,3.156,36.27151051625239,17.724665391969406,-273000000.0,-12800000256,16611000320,3811000064,64.33333,55.0,75.0,hold,24,Energy,Oil & Gas E&P
PANW,237.95,192977453056,59.93552,132.19444,3.9701,1.8,2594000000.0,14.931324767390342,4.850444624090544,0.149,0.605,73.5929067077872,15.304548959136469,384000000.0,4077000000,459000000,4536000000,207.5608,114.0,265.0,buy,50,Technology,Software - Infrastructure
PATH,9.74,5069118464,10.823905,18.73077,0.89986,0.52,481107000.0,13.56344684005042,17.02548934234627,0.136,1.057,84.63231671956551,16.687763844633313,179296000.0,1391240016,81246000,1472486016,13.62375,10.98,17.0,hold,16,Technology,Software - Infrastructure
PD,6.81,521982464,4.9347825,3.6417112,1.38,1.87,124785000.0,2.7493700904105633,0.19270143321690192,0.027,,85.89574067395921,3.6238329927475257,22561000.0,56511008,413327008,469838016,8.0,6.0,10.0,buy,7,Technology,Software - Application
PFE,25.75,146760695808,9.056983,19.65649,2.84311,1.31,14450000000.0,5.359095880422893,-17.69664521273566,0.054,-0.101,75.44636678200692,28.58823529411765,2179000000.0,-51650000896,64731000832,13080999936,29.1137,24.0,36.0,buy,27,Healthcare,Drug Manufacturers - General
PH,884.915,111575736320,25.990492,32.66574,34.04764,27.09,5486000000.0,10.604838709677411,6.030150753768848,0.106,-0.042,36.76631425446592,20.652570178636527,881000000.0,-9106000128,9582000128,476000000,1037.0416,680.0,1147.0,buy,24,Industrials,Specialty Industrial Machinery
PI,146.49,4461947904,51.96376,,2.81908,-0.9,74250000.0,-0.036350418029806875,-20.031448911673788,-0.0,,49.1030303030303,-20.42828282828283,2233000.0,-133229992,265068992,131839000,175.0,144.0,200.0,buy,8,Technology,Semiconductors
PLAB,52.53,3097504512,22.258474,22.448719,2.36,2.34,225066000.0,6.094146263281441,4.308291236038375,0.061,0.088,34.968409266615126,24.374627886930945,49619000.0,636849976,21000,636870976,51.5,48.0,55.0,strong_buy,2,Technology,Semiconductor Equipment & Materials
PNR,75.22,12155968512,12.932465,18.899498,5.81637,3.98,1036700000.0,2.602929532858278,1.5874571288583939,0.026,0.13,41.80572971930163,23.430114787305875,-85900000.0,-2013900000,2081600000,67700000,102.26316,75.0,125.0,buy,19,Industrials,Specialty Industrial Machinery
PODD,150.25,10407017472,18.629858,35.02331,8.06501,4.29,761700000.0,33.86643233743409,-2.819596835927529,0.339,1.59,69.46304319285808,16.04306157279769,86000000.0,-533600000,1014000000,480400000,250.125,175.0,360.0,buy,24,Healthcare,Medical Devices
POWI,69.74,3885911552,38.070595,232.46664,1.83186,0.3,103204000.0,-1.9439429928741148,-13.214877353492716,0.026,-0.604,52.9136467578776,8.501608464788186,19156000.0,257204000,0,257204000,69.5,46.0,85.0,buy,4,Technology,Semiconductors
PRY.MI,155.2,44513165312,27.205065,33.02128,5.70482,4.7,5218000000.0,11.878216123499152,5.074506645187271,0.101,0.534,35.45419701034879,6.381755461862783,-434000000.0,-3877000064,5423000064,1546000000,129.6,90.0,175.0,buy,20,Industrials,Electrical Equipment & Parts
PSX,171.63,68812480512,10.862576,16.959486,15.80012,10.12,32540000000.0,6.933946763062759,-4.597161956139317,0.069,-0.568,8.500307314074984,0.3503380454824831,-2846000000.0,-21974000640,27124000768,5150000128,185.57895,138.0,215.0,buy,19,Energy,Oil & Gas Refining & Marketing
PWR,772.27,115886948352,47.075085,106.22697,16.40507,7.27,7874787000.0,26.33346777182164,0.41876074669202623,0.263,0.51,14.061700970451646,4.244203684493308,171651000.0,-5954911840,6319672832,364760992,747.8408,420.0,901.0,buy,24,Industrials,Engineering & Construction
QBTS,21.57,7990097920,-57.7773,,-0.37333,-1.14,2752000.0,19.185794716327422,-26.39743246857449,-0.809,,64.82558139534885,-1265.952034883721,-20153000.0,541575008,46820000,588395008,35.772,19.58,45.0,strong_buy,15,Technology,Computer Hardware
QCOM,203.38,214362521600,19.122839,21.892359,10.63545,9.29,10599000000.0,-3.46115311048365,-13.49167482859941,-0.035,1.73,53.769223511652044,21.785074063590905,1916000000.0,-5470999552,15269999616,9799000064,174.83871,100.0,300.0,hold,31,Technology,Semiconductors
QLYS,87.39,3077614336,10.579097,15.689407,8.26063,5.57,175638000.0,9.843088449583792,0.2031012882098615,0.098,0.101,82.92510732301666,34.665049704505854,93627000.0,419118008,52229000,471347008,107.38684,85.0,161.0,hold,19,Technology,Software - Infrastructure
QRVO,90.74,7986360320,11.601148,25.0663,7.82164,3.62,992959000.0,8.364135992238486,-6.1921411654005665,-0.07,-0.056,nan,nan,236937000.0,-387222016,1606237056,1219015040,94.46667,66.0,128.0,hold,15,Technology,Semiconductors
QUBT,11.9925,2704728576,-55.349148,,-0.21667,-0.26,198000.0,219.3548387096774,-48.4375,93.641,,-49.494949494949495,-11220.202020202021,-12172000.0,980667000,5445000,986112000,17.83333,10.0,27.0,buy,6,Technology,Computer Hardware
REGN,718.125,75287527424,13.332438,17.532349,53.86299,40.96,3605400000.0,19.041172780400828,-7.180186906263675,0.19,-0.072,81.43340544738447,20.657902035835136,799400000.0,6047499776,2706200064,8753699840,875.3061,730.0,1057.0,buy,28,Healthcare,Biotechnology
RGTI,19.16,6368761344,-94.23106,,-0.20333,-0.89,1868000.0,-17.85400175901495,-4.05752439650745,1.989,,34.90364025695932,-1209.6895074946467,-19474000.0,411463016,6783000,418246016,29.2425,15.91,40.0,buy,12,Technology,Computer Hardware
RHM.DE,1138.2,52992737280,20.742678,51.012543,54.89166,22.32,2420000000.0,-30.51966695377548,-12.949640287769782,0.077,0.256,51.90082644628099,40.0,2228000000.0,-828000000,2156999936,1328999936,1997.8595,1450.0,2500.0,buy,21,Industrials,Aerospace & Defense
RMBS,130.88,14152967168,36.066128,62.323814,3.62889,2.1,180189000.0,8.115129842077472,-5.285317802401124,0.081,-0.018,79.72573242539778,34.257363102076155,71574000.0,762735008,23404000,786139008,139.25,100.0,172.0,strong_buy,8,Technology,Semiconductors
RMD,202.62,29391323136,16.670355,19.557915,12.15451,10.36,1431406000.0,10.812580898883372,0.6042979797695747,0.108,0.105,62.245023424521065,34.91741686146349,514543000.0,817344000,843169024,1660513024,270.6,180.0,340.0,buy,15,Healthcare,Medical Instruments & Supplies
ROG.SW,322.3,256427556864,14.823842,20.106049,21.65027,16.03,,,,-0.004,1.713,,,,-17711000576,33197000704,15486000128,364.78946,230.0,428.0,buy,19,Healthcare,Drug Manufacturers - General
ROK,456.37,50782093312,31.574877,47.29223,14.45358,9.65,2239000000.0,11.894052973513247,6.365795724465562,0.119,0.396,50.24564537740063,20.85752568110764,275000000.0,-3631000128,4054000128,423000000,459.6884,282.0,525.0,buy,25,Industrials,Specialty Industrial Machinery
ROP,319.83,32276398080,13.386169,19.989374,23.89257,16.0,2095300000.0,11.286381984278737,1.7827649859127659,0.113,0.592,69.38385911325348,27.18465136257338,562400000.0,-10081100000,10464000000,382900000,453.7544,365.0,550.0,buy,16,Technology,Software - Application
RR.L,1199.796,99675062272,27.727486,17.388348,0.43271,0.69,,,,0.166,0.041,,,,1887000064,4361999872,6248999936,1412.895,1101.0,1740.0,buy,19,Industrials,Aerospace & Defense
RSW.L,5280.0,3840397568,28.625334,51.764706,1.84452,1.02,,,,0.071,-0.21,,,,226220992,14660000,240880992,4503.0,2779.0,6000.0,hold,8,Technology,Scientific & Technical Instruments
RTX,176.495,237682884608,23.35736,33.113506,7.55629,5.33,22076000000.0,8.716635477198853,-8.919877877712679,0.087,0.325,20.80992933502446,11.573654647581083,1211000000.0,-32116999168,38934999040,6817999872,216.18091,180.0,242.0,buy,22,Industrials,Aerospace & Defense
RWE.DE,56.4,,17.64866,17.300613,3.19571,3.26,4363000000.0,-47.243047158403876,36.0461490489554,-0.328,-0.974,62.89250515700206,-21.774008709603486,1553000000.0,-11578999808,24533999616,12954999808,62.12105,49.0,68.0,buy,19,Utilities,Utilities - Diversified
RXRX,3.155,1674554752,-3.590327,,-0.87875,-1.16,6301000.0,-57.47739236064247,-82.17589318548274,-0.561,,-98.22250436438661,-2039.438184415172,-81439000.0,582098024,72375000,654473024,6.57143,3.0,10.0,buy,7,Healthcare,Biotechnology
S,16.5525,5632426496,34.712173,,0.47685,-1.37,271153000.0,20.234035854754097,4.727456713258893,0.202,,72.59112014250258,-29.44942523224895,-2378000.0,613667032,15001000,628668032,18.5,14.0,26.0,buy,34,Technology,Software - Infrastructure
SAF.PA,281.7,117070536704,22.990534,16.406523,12.25287,17.17,,,,0.125,,,,,1521999872,5326000128,6848000000,343.56363,257.0,400.0,buy,22,Industrials,Aerospace & Defense
SAN.PA,73.1,87570497536,8.117955,18.459595,9.00473,3.96,11244000000.0,6.015462945502548,-7.873822204014747,0.06,-0.117,72.09178228388474,20.179651369619354,1683000000.0,-14477000192,20021000192,5544000000,97.09565,82.0,112.0,buy,23,Healthcare,Drug Manufacturers - General
SAND.ST,360.3,451955228672,26.492645,30.482233,13.6,11.82,30685000000.0,-4.55973375633728,-5.47118080157728,0.047,0.04,40.218347726902394,17.370050513280106,3855000000.0,-33245999616,41472999424,8226999808,382.75,236.0,450.0,hold,20,Industrials,Specialty Industrial Machinery
SIE.DE,274.0,208991682560,21.646389,27.318047,12.658,10.03,19139000000.0,4.282678581158383,-10.67394754037151,-0.0,-0.086,39.881916505564554,13.03098385495585,677000000.0,-45496997888,54160998400,8664000512,277.1239,220.0,335.0,buy,23,Industrials,Specialty Industrial Machinery
SITM,836.0,22067748864,78.40931,,10.662,-0.92,113567000.0,88.29293364724609,0.24892969060335002,0.883,,58.95638697861174,-4.1561369059674025,17662000.0,785708000,2956000,788664000,827.7778,750.0,900.0,strong_buy,9,Technology,Semiconductors
SLAB,217.49,7173217280,52.4234,,4.14872,-1.52,213500000.0,20.136849094612685,2.5426740823991656,0.201,,59.48384074941452,-8.000936768149883,-4903000.0,438856000,0,438856000,222.85715,200.0,231.0,hold,7,Technology,Semiconductors
SLB,55.58,83095306240,16.663969,24.484583,3.33534,2.27,8721000000.0,2.720848056537095,-10.507952796305798,0.027,-0.138,15.262011237243437,12.269235179451899,80000000.0,-8176999680,11628999680,3452000000,61.39286,43.0,71.0,buy,28,Energy,Oil & Gas Equipment & Services
SMCI,33.48,20135491584,10.397418,17.621052,3.22003,1.9,12682491000.0,123.36343568343713,152.75053360144602,1.227,3.26,nan,nan,-45119000.0,-7846123264,9151156224,1305032960,36.75,15.0,58.0,hold,16,Technology,Computer Hardware
SMIN.L,2530.0,7635012608,20.578642,34.189186,1.22943,0.74,,,,-0.01,-0.174,,,,-883000000,1228000000,345000000,2810.9092,2500.0,3070.0,buy,11,Industrials,Specialty Industrial Machinery
SMR,11.915,4123850496,-19.448614,,-0.61264,-2.2,1808000.0,-94.71715755025713,-78.06357680174715,-0.958,,-3.3738938053097343,-4022.234513274336,-204071000.0,884446024,5683000,890129024,16.5,7.0,28.0,hold,14,Industrials,Specialty Industrial Machinery
SMTC,139.22,12963401728,47.81432,,2.91168,-0.46,274355000.0,9.30390992900454,2.7658434811271615,0.093,,50.398935685516946,9.857301671192435,58449000.0,-322814976,517993984,195179008,105.53846,89.0,122.0,none,13,Technology,Semiconductors
SN.L,1104.5,9428554752,12.004679,20.839624,0.92005795,0.53,,,,0.074,0.704,,,,-2770000064,3327000064,557000000,1412.0562,1182.8179,1678.8203,buy,17,Healthcare,Medical Devices
SNOW,151.735,52454789120,62.42132,,2.43082,-3.95,1283994000.0,30.120899500390163,5.8607034822892645,0.301,,66.79649593378161,-24.778854106794892,763295000.0,1288571904,2741114112,4029686016,232.73701,123.64,500.0,strong_buy,47,Technology,Software - Application
SNPS,510.93,97874788352,29.967499,78.363495,17.04947,6.52,2408798000.0,65.51729350690401,6.826942692672722,0.655,-0.82,73.53941675474655,13.339765310333204,821512000.0,-8665074688,10868556800,2203482112,534.6481,403.85,650.0,buy,26,Technology,Software - Infrastructure
SO,93.03,104872820736,18.916264,23.792837,4.91799,3.91,8397000000.0,8.000000000000007,20.283626987537605,0.08,-0.008,46.46897701560081,24.0323925211385,-1718000000.0,-75023999168,76004999168,981000000,101.76316,81.0,114.0,hold,19,Utilities,Utilities - Regulated Electric
SOITEC.PA,,,,,,,,,,,,,,,0,0,0,,,,,0,,
SPX.L,7120.0,5254266368,19.90556,32.217194,3.57689,2.21,,,,0.051,0.008,,,,-654900032,1023900032,369000000,8117.353,6800.0,10500.0,buy,17,Industrials,Specialty Industrial Machinery
SRPT,19.005,2006476032,6.492863,54.3,2.92706,0.35,442934000.0,-32.726924782658884,10.912068430172583,-0.019,,9.984783285997462,-92.58354517828842,127477000.0,-393857024,1047046016,653188992,22.0,5.0,38.0,hold,23,Healthcare,Biotechnology
SRT3.DE,213.1,14715042816,33.310253,90.680855,6.39743,2.35,899100000.0,-0.8491398323775878,-3.0724450194049124,0.018,,46.10165721276832,17.105994883772663,111200000.0,-3727099840,4300899840,573800000,264.42105,190.0,307.0,buy,19,Healthcare,Medical Instruments & Supplies
SSE.L,2464.0,29700851712,13.463378,28.321838,1.83015,0.87,,,,0.039,-0.445,,,,-10034600416,10467900416,433300000,2737.8,2036.0,3060.0,none,15,Utilities,Utilities - Diversified
STM,64.7458,57545682944,29.033989,404.66122,2.23,0.16,3095000000.0,22.963845848232012,-7.057057057057059,0.23,-0.333,33.764135702746366,3.101777059773829,-32000000.0,1787999744,2783000064,4570999808,53.86429,32.8,90.0,buy,14,Technology,Semiconductors
STMN.SW,83.54,13320519680,22.948406,37.461884,3.64034,2.23,,,,0.022,-0.253,,,,70636992,418932000,489568992,106.77778,81.0,123.0,buy,18,Healthcare,Medical Instruments & Supplies
SU.PA,270.7,152043438080,23.542856,33.96487,11.49818,7.97,,,,0.042,-0.062,,,,-15274999296,19908999168,4633999872,300.54544,250.0,340.0,strong_buy,22,Industrials,Specialty Industrial Machinery
SWK,78.64,12225026048,12.727741,32.229507,6.17863,2.44,3846400000.0,2.718581423917099,4.391250067849972,0.027,-0.348,30.087874376039935,6.016014975041598,-447300000.0,-6632799840,6966499840,333700000,90.51071,75.0,120.15,buy,14,Industrials,Tools & Accessories
SWKS,66.86,10056142848,12.992641,27.858332,5.14599,2.4,943700000.0,-0.9966428871170829,-8.856480587212667,-0.01,-0.449,40.82865317367808,5.616191586309208,-37500000.0,232199936,1189600000,1421799936,74.15789,55.0,106.0,hold,19,Technology,Semiconductors
SWTX,,,,,,,,,,,,,,,0,0,0,,,,,0,,
SXS.L,,,,,,,,,,,,,,,0,0,0,,,,,0,,
SYK,302.99,116154474496,18.129805,35.068283,16.71226,8.64,7171000000.0,11.420136730888753,18.391943206207696,0.026,0.142,64.53772137777159,25.254497280713988,1875000000.0,-12268999936,15233999872,2964999936,392.1946,315.0,465.0,buy,26,Healthcare,Medical Devices
TDOC,6.725,1213950464,-10.386101,,-0.6475,-29.1,613845000.0,-2.4665974968579696,-4.425560006788432,-0.025,,67.82151846150086,-7.938323192336829,-26306000.0,-287312000,1038049984,750737984,7.19048,5.0,10.0,buy,21,Healthcare,Health Information Services
TDY,635.745,29453516800,24.419683,32.254948,26.03412,19.71,1560100000.0,7.600524174080969,-3.237610866464058,0.076,0.216,43.189539132106916,18.857765527850777,204300000.0,-1954900032,2476300032,521400000,728.7692,614.0,803.0,buy,13,Technology,Scientific & Technical Instruments
TECH,45.445,7115267072,21.988735,64.92143,2.06674,0.7,295877000.0,-0.38851163683252254,3.253127671825662,-0.015,1.286,nan,nan,76490000.0,-76207984,290321984,214114000,62.63636,49.0,76.0,buy,11,Healthcare,Biotechnology
TENB,20.91,2305786880,9.653383,,2.16608,-0.1,262058000.0,9.584882305958509,0.5853385175774273,0.096,,78.37539781269795,4.271573468468812,82639000.0,-61539008,421800000,360260992,27.05,20.0,38.0,buy,20,Technology,Software - Infrastructure
TER,362.08,56680783872,38.06072,67.30111,9.51322,5.38,1282494000.0,87.03972698634932,18.38366085530172,0.87,3.148,60.892994431163025,37.14847788761585,200391000.0,163198992,82398000,245596992,369.52942,270.0,470.0,buy,17,Technology,Semiconductor Equipment & Materials
TMO,453.52,168537767936,16.593246,24.91868,27.3316,18.2,11005000000.0,6.184870706291012,-9.905853458862058,0.062,0.113,40.254429804634256,17.383007723761924,816000000.0,-39905001984,43161001984,3256000000,617.625,,,strong_buy,0,Healthcare,Diagnostics & Research
TRGP,264.52,56777605120,22.36167,27.019407,11.82917,9.79,4094700000.0,-10.233475830318973,0.966588583405259,-0.102,1.429,31.11827484308985,20.68283390724595,-160000000.0,-19031699552,19131799552,100100000,272.55,245.0,331.0,strong_buy,20,Energy,Oil & Gas Midstream
TSM,418.07,2168278351872,21.67044,35.701965,19.29218,11.71,1046090449000.0,20.453334506504174,5.674420806101299,0.351,0.584,nan,nan,364041064000.0,2367332876288,1016267997184,3383600873472,463.4514,351.0,600.0,none,18,Technology,Semiconductors
TT,476.425,105316352000,28.011307,36.396103,17.00831,13.09,4969400000.0,5.991255198890899,-3.4036349499465435,0.06,-0.021,34.77482191008975,15.617579587072886,546500000.0,-3541799936,4616000000,1074200064,517.6878,402.0,585.0,buy,23,Industrials,Building Products & Equipment
TTMI,170.48,17704357888,33.87581,92.65217,5.0325,1.84,845976000.0,30.417409213958457,9.254055170988739,0.304,0.516,21.416801422262573,8.598943705258778,-85105000.0,-635029024,1049308032,414279008,170.0,160.0,180.0,strong_buy,4,Technology,Electronic Components
TXN,309.61,281773834240,32.843594,52.924786,9.4268,5.85,4825000000.0,18.57950356352913,9.088853719195122,0.186,0.313,58.01036269430052,37.82383419689119,844000000.0,-8946999808,14049999872,5103000064,280.625,200.0,340.0,buy,32,Technology,Semiconductors
TXT,91.29,15874324480,12.509867,17.421757,7.29744,5.24,3695000000.0,11.766485178463393,-11.497005988023956,0.118,0.106,18.186738836265224,6.2516914749661705,-250000000.0,-2706000128,4215000064,1508999936,103.45188,90.0,115.0,buy,16,Industrials,Aerospace & Defense
UCB.BR,239.9,45667688448,17.646595,29.875467,13.59469,8.03,,,,0.266,0.263,,,,118000128,2244999936,2363000064,288.21054,195.0,340.0,buy,19,Healthcare,Biotechnology
UEC,14.765,7238109696,-885.7229,,-0.01667,-0.18,20200000.0,-59.39698492462311,,-0.594,,49.64356435643565,-116.08415841584159,-39062000.0,484490008,1857000,486347008,19.16667,15.0,26.75,none,9,Energy,Uranium
UEIC,3.885,49068724,5.9769235,,0.65,-1.51,87745000.0,-20.559690006699626,-3.099876314162031,-0.144,,29.69969798848937,1.4063479400535643,-5602000.0,-657000,30483000,29826000,5.0,5.0,5.0,hold,1,Technology,Consumer Electronics
UNH,398.83,362195222528,19.217323,30.03238,20.75367,13.28,111721000000.0,1.958475929728487,-1.3196131254692434,0.02,0.007,22.743262233599772,8.046830944943206,8149000000.0,-46688004096,77917003776,31228999680,387.26923,287.0,444.0,buy,26,Healthcare,Healthcare Plans
URG,1.805,717183936,26.544115,,0.068,-0.24,10449000.0,-53.87365911799762,65.25383520480786,-0.539,,14.087472485405304,-171.98775002392574,-28169000.0,39008000,84855000,123863000,2.32857,1.9,2.75,strong_buy,7,Energy,Uranium
UUUU,19.398,4846920192,3879.6003,,0.005,-0.29,35838000.0,112.08427032784947,32.233783484613674,1.121,,40.07757129304091,-40.58541213237346,-3493000.0,233192000,677492992,910684992,27.2,17.0,34.0,strong_buy,5,Energy,Uranium
VAT.SW,,,,,,,,,,,,,,,0,0,0,,,,,0,,
VEEV,157.0632,25632512000,15.890684,28.925085,9.88398,5.43,835951000.0,15.96160835416418,3.046585703790261,0.16,0.232,74.46297689697123,29.412728736492927,106847000.0,6464955080,95859000,6560814080,264.4643,176.0,350.0,buy,28,Healthcare,Health Information Services
VLO,242.175,71909695488,12.982894,17.68992,18.65339,13.69,32381000000.0,7.01632626082358,6.614645067825631,0.066,,6.299990735307742,5.345727432753775,1225000000.0,-5758000128,11491000320,5733000192,255.21053,181.0,300.0,buy,19,Energy,Oil & Gas Refining & Marketing
VMI,512.71,9953573888,20.210068,28.515575,25.36904,17.98,1029197000.0,6.1778742492113015,-0.8729027411245704,0.062,0.275,30.788857721116557,15.121108981079423,68905000.0,-767908992,928097984,160188992,527.0,520.0,541.0,none,3,Industrials,Conglomerates
VPG,102.26,1360160256,65.41165,227.24446,1.56333,0.45,80572000.0,10.8997563761992,1.0585992374071873,0.176,,36.81924241672045,1.9808370153403168,1350000.0,38099000,44387000,82486000,66.66667,39.0,98.0,strong_buy,3,Technology,Scientific & Technical Instruments
VRT,373.58,143495364608,42.71233,93.395,8.74642,4.0,2649500000.0,30.13261296660117,-8.003472222222218,0.301,1.357,37.731647480656726,16.36535195319872,652800000.0,-764400128,3264900096,2500499968,342.68,188.0,425.0,buy,25,Industrials,Electrical Equipment & Parts
VRTX,453.89,115255574528,21.036894,26.950148,21.58636,16.85,2986900000.0,7.822539888816693,-6.366771159874607,0.078,0.614,86.84924168870735,38.12648565402256,1294700000.0,5260200064,1986499968,7246700032,549.5,330.0,641.0,buy,28,Healthcare,Biotechnology
VSH,37.74,5136611840,26.927908,3774.0002,1.40152,0.01,800922000.0,12.061574107757478,1.3004654457148712,0.173,,19.575813874509628,1.8463720562052235,54560000.0,-622166048,1101714048,479548000,19.0,18.0,20.0,hold,2,Technology,Semiconductors
VST,140.86,47495520256,12.479999,23.555183,11.28686,5.98,5640000000.0,43.40198321891686,23.03664921465969,0.434,,42.730496453900706,26.578014184397166,316000000.0,-19267999616,19925999616,658000000,227.52632,97.0,320.0,strong_buy,19,Utilities,Utilities - Independent Power Producers
VWS.CO,190.9,187815739392,17.779772,30.015722,10.73692,6.36,3966000000.0,14.35986159169551,-36.746411483253596,0.144,15.162,11.875945537065052,3.202218860312658,-487000000.0,434999808,3944000000,4378999808,188.8007,79.98459,240.04344,buy,25,Industrials,Specialty Industrial Machinery
WAB,267.57,45400567808,22.062952,37.84583,12.12757,7.07,2950000000.0,13.026819923371647,-0.5059021922428353,0.13,0.128,35.96610169491525,17.52542372881356,153000000.0,-6396000192,6917000192,521000000,300.0,280.0,318.0,strong_buy,11,Industrials,Railroads
WDAY,120.175,30005962752,9.655752,46.399616,12.44595,2.59,2532000000.0,14.518317503392119,4.111842105263164,0.145,0.629,75.86887835703001,12.045813586097946,1218000000.0,1621999872,3820999936,5442999808,179.21712,115.0,300.0,buy,38,Technology,Software - Application
WEC,110.91,36126232576,18.472378,22.226454,6.0041,4.99,2537100000.0,11.071710007880231,20.584600760456272,0.09,0.079,nan,nan,-878400000.0,-22272199424,22317799424,45600000,124.75,108.0,140.0,buy,18,Utilities,Utilities - Regulated Electric
WMB,76.41,93449306112,29.471664,33.51316,2.59266,2.28,3030000000.0,-0.5905511811023612,-5.253283302063794,0.09,0.25,62.31023102310231,37.59075907590759,244000000.0,-29351999104,30301999104,950000000,81.94304,65.0,91.0,buy,23,Energy,Oil & Gas Midstream
WOLF,70.12,3392436736,-14.021977,,-5.005,-13.28,168500000.0,,-14.380081300813007,-0.19,,-46.468842729970326,-81.36498516320475,-42600000.0,-557799936,1722599936,1164800000,40.0,40.0,40.0,hold,1,Technology,Semiconductors
WS1V.HE,,,,,,,,,,,,,,,0,0,0,,,,,0,,
WSO,413.155,16797863936,28.903925,33.83743,14.29408,12.21,1578757000.0,-9.98909896565604,-23.621036233584334,0.001,-0.031,nan,nan,388473000.0,106451968,486227008,592678976,423.54544,370.0,485.0,hold,11,Industrials,Industrial Distribution
WTRG,37.83,10729836544,15.779726,19.301022,2.39738,1.96,699111000.0,15.673505045641578,46.57306209392185,0.1,-0.233,51.35007173395927,32.47038024004772,-240779000.0,-8379757072,8455683072,75926000,40.4,38.0,43.0,hold,5,Utilities,Utilities - Regulated Water
WWD,364.74,21732251648,33.972157,43.62919,10.73644,8.36,1090568000.0,23.419217793893132,9.44489158556241,0.234,0.23,28.96729043947741,15.359335685624373,38236000.0,-664449952,1165618944,501168992,437.3,390.0,470.0,strong_buy,10,Industrials,Aerospace & Defense
XEL,79.895,49876013056,17.631414,23.024494,4.5314,3.47,4021000000.0,2.944188428059391,12.917719741645595,0.029,0.06,44.864461576722206,18.20442675951256,-1325000000.0,-37475001856,39243001856,1768000000,92.0,74.0,99.0,strong_buy,18,Utilities,Utilities - Regulated Electric
XFAB.PA,7.715,1007825280,25.14274,59.346157,0.30684802,0.13,195553000.0,3.5971032458691488,-12.029564450682429,-0.042,-0.924,15.70162564624424,-0.44438080724918566,-9183000.0,-291414000,436108000,144694000,5.276178,4.3068357,6.0281997,hold,8,Technology,Semiconductors
XRAY,10.7,2143495552,6.9615684,,1.53701,-3.15,880000000.0,0.11376564277587597,-8.42872008324662,0.001,,48.52272727272727,3.4090909090909087,-12000000.0,-2154999936,2344999936,190000000,13.6,10.5,17.0,hold,15,Healthcare,Medical Instruments & Supplies
XYL,109.86,26113007616,18.053015,27.328358,6.08541,4.02,2125000000.0,2.706621556307387,-11.34751773049646,0.027,0.145,37.78823529411765,12.941176470588237,18000000.0,-1252999936,2060999936,808000000,150.82353,124.0,186.0,buy,17,Industrials,Specialty Industrial Machinery
YSN.DE,191.0,1235674880,25.845737,37.015507,7.39,5.16,,,,0.095,0.052,,,,67218472,20189104,87407576,239.66667,205.0,260.0,strong_buy,3,Technology,Software - Infrastructure
ZBH,82.605,15980968960,9.185672,21.40026,8.99281,3.86,2086700000.0,9.302812843748365,-6.997370414939608,0.093,0.341,72.38702257152441,18.934202329036278,284100000.0,-7108499808,7586999808,478500000,98.52381,83.0,130.0,hold,21,Healthcare,Medical Devices
ZBRA,258.7042,12322958336,12.513396,31.282246,20.67418,8.27,1475000000.0,10.569715142428793,11.742424242424242,0.143,0.038,47.32203389830508,15.050847457627118,327000000.0,-2734999936,2848999936,114000000,328.0012,256.0,400.0,buy,17,Technology,Communication Equipment
ZI,,,,,,,,,,,,,,,0,0,0,,,,,0,,
ZS,156.7,25195902976,34.156548,,4.5877,-0.43,815751000.0,25.906930081802738,3.5069888543760364,0.259,,76.55412006850129,-6.346667058943231,169129000.0,1646314112,1866436992,3512751104,224.1189,140.0,330.0,buy,45,Technology,Software - Infrastructure
