ticker,company,theme,metric_type,price,mkt_cap,current_metric,current_multiple,bull_cagr,bull_multiple,bull_price,bull_upside,base_cagr,base_multiple,base_price,base_upside,bear_cagr,bear_multiple,bear_price,bear_upside,weighted_price,weighted_upside,bull_prob,base_prob,bear_prob
A,A,Health Tech,Fwd EPS,111.7,31566675968.0,6.57227,17.0x,0.18,28.0,302.3565978339199,170.6863006570456,0.12,22.0,203.13845522432007,81.86074773887204,0.04,15.0,110.89364881920001,-0.7218900454789567,204.88178927544004,83.4214765223277,0.25,0.5,0.25
ABT,ABT,Health Tech,Fwd EPS,84.47,147130957824.0,6.06395,13.9x,0.18,28.0,278.9713890992,230.2609081321179,0.12,22.0,187.42708920320007,121.8859822460046,0.04,15.0,102.316785792,21.127957608618452,189.03558832440004,123.7902075581864,0.25,0.5,0.25
ACLS,ACLS,AI infrastructure & compute,Fwd EPS,155.18,4769285632.0,4.636,33.5x,0.18,28.0,213.27869785599998,37.43955268462429,0.12,22.0,143.29141657600005,-7.661156994458018,0.04,15.0,78.22304256,-49.5920591828844,144.521143392,-6.86870512179405,0.25,0.5,0.25
ACMR,ACMR,Quantum / frontier compute,Fwd EPS,63.67,4216537600.0,2.25333,28.3x,0.18,28.0,103.66421230367999,62.814845773017105,0.12,22.0,69.64686102528003,9.387248351311506,0.04,15.0,38.020346956800005,-40.28530397863985,70.24457032776002,10.326009624250055,0.25,0.5,0.25
ADI,ADI,AI infrastructure & compute,Fwd EPS,417.49,203820351488.0,13.24727,31.5x,0.18,28.0,609.4392786339199,45.97697636683991,0.12,22.0,409.4521320243202,-1.925283953071888,0.04,15.0,223.5206568192,-46.46083575194615,412.9660498754401,-1.0836068228124995,0.25,0.5,0.25
AEHR,AEHR,Quantum / frontier compute,Fwd EPS,99.5,3129598720.0,0.15,663.3x,0.18,28.0,6.900734399999999,-93.06458854271357,0.12,22.0,4.636262400000001,-95.34043979899496,0.04,15.0,2.5309440000000003,-97.4563376884422,4.6760508000000005,-95.30045145728643,0.25,0.5,0.25
AFX.DE,AFX.DE,Health Tech,Fwd EPS,24.88,2177897472.0,1.83958,13.5x,0.18,28.0,84.62968658368,240.15147340707395,0.12,22.0,56.85850390528001,128.53096424951772,0.04,15.0,31.0391597568,24.75546526045016,57.34646353776,130.4922167916399,0.25,0.5,0.25
AIR.PA,AIR.PA,Industrial automation & robotics,Fwd EPS,167.68,132002398208.0,8.60097,19.5x,0.18,28.0,395.68673034911996,135.9772962482824,0.12,22.0,265.8423587635201,58.54148304122144,0.04,15.0,145.12382277120003,-13.451918671755713,268.12381766184,59.90208591474235,0.25,0.5,0.25
AIXA.DE,AIXA.DE,AI infrastructure & compute,Fwd EPS,51.98,5862608896.0,1.249,41.6x,0.18,28.0,57.460115104,10.542737791458269,0.12,22.0,38.60461158400002,-25.731797645248133,0.04,15.0,21.074327040000004,-59.45685448249326,38.93591632800001,-25.094427995382816,0.25,0.5,0.25
ALAB,ALAB,AI infrastructure & compute,Fwd EPS,232.68,39883198464.0,4.1765,55.7x,0.18,28.0,192.13944814399997,-17.423307484957895,0.12,22.0,129.08899942400004,-44.520801347773755,0.04,15.0,70.46991744,-69.71380546673542,130.196841108,-44.04467891181021,0.25,0.5,0.25
ALFA.ST,ALFA.ST,Industrial automation & robotics,Fwd EPS,537.6,222204215296.0,21.94,24.5x,0.18,28.0,1009.34741824,87.75063583333333,0.12,22.0,678.1306470400002,26.140373333333365,0.04,15.0,370.19274240000004,-31.13974285714285,683.9503636800001,27.2229099107143,0.25,0.5,0.25
ALGN,ALGN,Health Tech,Fwd EPS,157.25,11261950976.0,12.37113,12.7x,0.18,28.0,569.13254905248,261.92848906358034,0.12,22.0,382.3720324300801,143.16186482040067,0.04,15.0,208.73758164480003,32.742500251065195,385.65354888936,145.24867973886168,0.25,0.5,0.25
ALLE,ALLE,Industrial automation & robotics,Fwd EPS,125.65,10797841408.0,9.54483,13.2x,0.18,28.0,439.10891148767996,249.4698857840668,0.12,22.0,295.01557628928003,134.79154499743734,0.04,15.0,161.0495347968,28.173127574054902,297.54739971576,136.80652583824906,0.25,0.5,0.25
AMAT,AMAT,AI infrastructure & compute,Fwd EPS,436.62,346505936896.0,15.91195,27.4x,0.18,28.0,732.0276049071999,67.65782715111537,0.12,22.0,491.8131699712001,12.641008192753445,0.04,15.0,268.481695872,-38.50907061701251,496.0339101804,13.607693229902429,0.25,0.5,0.25
AMD,AMD,AI infrastructure & compute,Fwd EPS,424.1,691537707008.0,12.95421,32.7x,0.18,28.0,595.9570838121599,40.522773829794836,0.12,22.0,400.3941116313601,-5.589693083857561,0.04,15.0,218.5758671616,-48.46124330073096,403.83029355912004,-4.779463909662807,0.25,0.5,0.25
AME,AME,Industrial automation & robotics,Fwd EPS,227.9,52235362304.0,8.81134,25.9x,0.18,28.0,405.3647803206399,77.86958329119784,0.12,22.0,272.3445622374401,19.501782464870576,0.04,15.0,148.67338736640002,-34.76376157683193,274.68182304048,20.52734666102678,0.25,0.5,0.25
AMGN,AMGN,Health Tech,Fwd EPS,326.31,176207396864.0,23.46239,13.9x,0.18,28.0,1079.3848118614399,230.7850853058257,0.12,22.0,725.1853104742402,122.23815098349426,0.04,15.0,395.8799679744,21.320207157120528,731.4088501960802,124.14539860748373,0.25,0.5,0.25
AMKR,AMKR,AI infrastructure & compute,Fwd EPS,70.35,17437831168.0,2.36996,29.7x,0.18,28.0,109.02976332415997,54.981895272437775,0.12,22.0,73.25170958336003,4.1246760246766545,0.04,15.0,39.9882402816,-43.158151696375256,73.88035569312001,5.018273906353965,0.25,0.5,0.25
AMZN,AMZN,AI infrastructure & compute,Fwd EPS,264.14,2841383010304.0,9.874,26.8x,0.18,28.0,454.25234310400003,71.97408310138565,0.12,22.0,305.1896995840001,15.540887250700418,0.04,15.0,166.60360704000004,-36.92602141288709,307.8088373280001,16.532459047474866,0.25,0.5,0.25
ANET,ANET,AI infrastructure & compute,Fwd EPS,141.97,178764283904.0,4.44548,31.9x,0.18,28.0,204.51384507007998,44.05426855679369,0.12,22.0,137.40274515968002,-3.2170563078960157,0.04,15.0,75.00840622080001,-47.16601660857926,138.58193540256002,-2.3864651668944026,0.25,0.5,0.25
AOS,AOS,Industrial automation & robotics,Fwd EPS,56.01,7719780864.0,4.17939,13.4x,0.18,28.0,192.27240229343997,243.28227511772894,0.12,22.0,129.17832474624004,130.6343951905732,0.04,15.0,70.5186802944,25.903732002142487,130.28693302008003,132.61369937525447,0.25,0.5,0.25
APH,APH,AI infrastructure & compute,Fwd EPS,125.0,153779306496.0,5.62761,22.2x,0.18,28.0,258.89761277855996,107.11809022284795,0.12,22.0,173.94051096576004,39.15240877260804,0.04,15.0,94.9544384256,-24.036449259519998,175.43326828392,40.346614627136,0.25,0.5,0.25
APLD,APLD,Quantum / frontier compute,Rev/Sh,42.56,12162352128.0,1.117201004407961,38.1x,0.45,30.0,102.1778073618966,140.07943459092243,0.28,20.0,46.8588064159233,10.100578984782182,0.1,12.0,17.84393444240396,-58.07346230638167,47.767401414386185,12.235435654102877,0.2,0.45,0.35
ARGX.BR,ARGX.BR,Health Tech,Fwd EPS,693.2,43108564992.0,30.84693,22.5x,0.18,28.0,1419.10980656928,104.71866799903057,0.12,22.0,953.4297447628803,37.54035556302369,0.04,15.0,520.4790160128,-24.91647201200231,961.6120780269601,38.7207267782689,0.25,0.5,0.25
ARM,ARM,AI infrastructure & compute,Fwd EPS,209.16,222545952768.0,3.05319,68.5x,0.18,28.0,140.46168841824,-32.84486115020081,0.12,22.0,94.36926664704004,-54.881781102008006,0.04,15.0,51.5163527424,-75.36988298795181,95.17914361368001,-54.49457658554216,0.25,0.5,0.25
ARRY,ARRY,Energy transition & grids,Fwd EPS,8.97,1379822720.0,0.90453,9.9x,0.18,28.0,41.61280857887999,363.910909463545,0.12,22.0,27.957589524480007,211.67881298193984,0.04,15.0,15.262098508800001,70.14602573913045,28.197521534160003,214.35364029163878,0.25,0.5,0.25
ASM.AS,ASM.AS,AI infrastructure & compute,Fwd EPS,863.2,42198458368.0,26.98926,32.0x,0.18,28.0,1241.63809941696,43.841299747099136,0.12,22.0,834.1952756121602,-3.3601395259313938,0.04,15.0,455.38870440960005,-47.24412599518072,841.3543387627201,-2.530776324986095,0.25,0.5,0.25
ASML,ASML,AI infrastructure & compute,Fwd EPS,1501.81,578824110080.0,47.529926,31.6x,0.18,28.0,2186.609302517696,45.59826492816643,0.12,22.0,1469.0747252572166,-2.1797214522997765,0.04,15.0,801.9705402009602,-46.5997336413421,1481.6823233082723,-1.3402279044438137,0.25,0.5,0.25
ATCO-A.ST,ATCO-A.ST,Industrial automation & robotics,Fwd EPS,172.85,843269603328.0,6.41,27.0x,0.18,28.0,294.89138335999996,70.60537076077522,0.12,22.0,198.12294656000003,14.62131707260632,0.04,15.0,108.15567360000001,-37.428016430431,199.82323752000002,15.60499711888923,0.25,0.5,0.25
ATO,ATO,Energy transition & grids,Fwd EPS,176.48,29458010112.0,8.9293,19.8x,0.18,28.0,410.7915178527999,132.76944574614683,0.12,22.0,275.9905189888001,56.38628682502274,0.04,15.0,150.663721728,-14.628444170444233,278.3590693896,57.728393806437,0.25,0.5,0.25
ATRO,ATRO,Industrial automation & robotics,Fwd EPS,78.59,2816693504.0,3.185,24.7x,0.18,28.0,146.52559376,86.44305097340627,0.12,22.0,98.44330496000003,25.26187168851002,0.04,15.0,53.7403776,-31.619318488357294,99.28814532000001,26.336868965517258,0.25,0.5,0.25
AVGO,AVGO,AI infrastructure & compute,Fwd EPS,425.19,2013133668352.0,18.28975,23.2x,0.18,28.0,841.418046616,97.89224737552622,0.12,22.0,565.3072015360002,32.954020916766666,0.04,15.0,308.60222016000006,-27.420160361250247,570.158667462,34.095032211952315,0.25,0.5,0.25
AWK,AWK,Energy transition & grids,Fwd EPS,124.29,24271417344.0,6.57573,18.9x,0.18,28.0,302.51577477408,143.395104010041,0.12,22.0,203.24539834368005,63.52514147854216,0.04,15.0,110.9520292608,-10.731330548877626,204.98965018056003,64.92851410456193,0.25,0.5,0.25
AZN,AZN,Health Tech,Fwd EPS,181.58,281603014656.0,5.90342,30.8x,0.18,28.0,271.58622314432,49.568357277409405,0.12,22.0,182.46536118272005,0.48758738997689566,0.04,15.0,99.6081695232,-45.14364493710761,184.03127875824,1.3499717800638855,0.25,0.5,0.25
B,B,Industrial automation & robotics,Fwd EPS,40.61,68206055424.0,4.58327,8.9x,0.18,28.0,210.85285968991997,419.2141336860871,0.12,22.0,141.66161580032005,248.83431617906933,0.04,15.0,77.3333313792,90.42928189903965,142.87735566744,251.82801198581632,0.25,0.5,0.25
BA,BA,Industrial automation & robotics,Fwd EPS,220.49,173812793344.0,4.24218,52.0x,0.18,28.0,195.16104971328,-11.487573262606022,0.12,22.0,131.11906418688005,-40.53287487555897,0.04,15.0,71.57813345280002,-67.53678921819584,132.24432788496003,-40.02252805797995,0.25,0.5,0.25
BA.L,BA.L,Industrial automation & robotics,Fwd EPS,1850.5,54328778752.0,0.94214,1964.1x,0.18,28.0,43.343052717439996,-97.65776532194326,0.12,22.0,29.120055050240005,-98.42636827612861,0.04,15.0,15.896690534400001,-99.14095160581465,29.369963338079998,-98.41286337000378,0.25,0.5,0.25
BAESY,BAESY,Industrial automation & robotics,Fwd EPS,98.54,72325824512.0,5.24922,18.8x,0.18,28.0,241.48982018111997,145.0678102101887,0.12,22.0,162.24507543552005,64.64895010708346,0.04,15.0,88.56987909120001,-10.117841393139837,163.63746253584003,66.06196725780396,0.25,0.5,0.25
BANB.SW,BANB.SW,Health Tech,Fwd EPS,75.35,5646392320.0,3.02384,24.9x,0.18,28.0,139.11144472063998,84.62036459275379,0.12,22.0,93.46210463744002,24.037298788905147,0.04,15.0,51.0211313664,-32.28781504127405,94.26419634048,25.10178678232251,0.25,0.5,0.25
BAX,BAX,Health Tech,Fwd EPS,17.3,8934913024.0,2.01122,8.6x,0.18,28.0,92.52596693311997,434.83217880416174,0.12,22.0,62.163624427520006,259.3273088295954,0.04,15.0,33.9352346112,96.1574254982659,62.69711259984,262.4110554904046,0.25,0.5,0.25
BE,BE,Energy transition & grids,Fwd EPS,275.95,78492286976.0,4.19578,65.8x,0.18,28.0,193.02642253887998,-30.05021832256568,0.12,22.0,129.68491368448002,-53.004198701040025,0.04,15.0,70.79522810880002,-74.34490737133538,130.79786950416002,-52.60088077399527,0.25,0.5,0.25
BESI.AS,BESI.AS,AI infrastructure & compute,Fwd EPS,261.8,20739866624.0,5.82844,44.9x,0.18,28.0,268.13677604223994,2.4204644928341956,0.12,22.0,180.14784815104005,-31.18875166117645,0.04,15.0,98.3430349824,-62.435815514744085,181.69387683168003,-30.598213586065693,0.25,0.5,0.25
BIIB,BIIB,Health Tech,Fwd EPS,192.95,28486582272.0,16.59391,11.6x,0.18,28.0,763.40110378336,295.64711261122574,0.12,22.0,512.8914733465601,165.8157415633896,0.04,15.0,279.98837967360004,45.10929239367714,517.2931075375201,168.0969720329205,0.25,0.5,0.25
BIP,BIP,Energy transition & grids,Fwd EPS,37.95,17457289216.0,1.34505,28.2x,0.18,28.0,61.8788853648,63.05371637628456,0.12,22.0,41.57336494080001,9.547733704347849,0.04,15.0,22.694974848,-40.19769473517787,41.93014752360001,10.487872262450626,0.25,0.5,0.25
BSX,BSX,Health Tech,Fwd EPS,52.68,78301192192.0,3.76398,14.0x,0.18,28.0,173.16150844607998,228.70445794624143,0.12,22.0,116.33865965568003,120.84028028792714,0.04,15.0,63.509483980800006,20.557107025056954,117.33707793456001,122.73553138678817,0.25,0.5,0.25
BWXT,BWXT,Energy transition & grids,Fwd EPS,204.72,18755350528.0,5.20514,39.3x,0.18,28.0,239.46192436543996,16.97045934224304,0.12,22.0,160.88263245824004,-21.4133292017194,0.04,15.0,87.82611901440002,-57.0993947760844,162.26332707408,-20.738898459320044,0.25,0.5,0.25
CAMT,CAMT,Quantum / frontier compute,Fwd EPS,168.35,7845863936.0,4.52483,37.2x,0.18,28.0,208.16433356767996,23.649737788939685,0.12,22.0,139.85532796928004,-16.925852112099772,0.04,15.0,76.3472755968,-54.64967294517374,141.05556627576001,-16.212909845108392,0.25,0.5,0.25
CAT,CAT,Industrial automation & robotics,Fwd EPS,888.31,409148456960.0,29.71908,29.9x,0.18,28.0,1367.2231846156799,53.9128440089248,0.12,22.0,918.5696877772803,3.4064333146401893,0.04,15.0,501.44884807680006,-43.55024168625816,926.4528520617602,4.29386723798677,0.25,0.5,0.25
CBRS,CBRS,Cybersecurity & digital trust,Trail EPS,279.72,60203728896.0,0.42,666.0x,0.18,28.0,19.322056319999998,-93.09235795795796,0.12,22.0,12.981534720000003,-95.3590966966967,0.04,15.0,7.0866432,-97.46652252252252,13.09294224,-95.31926846846847,0.25,0.5,0.25
CCJ,CCJ,Energy transition & grids,Fwd EPS,107.51,46824153088.0,1.9279455,55.8x,0.18,28.0,88.69493222116799,-17.500760653736414,0.12,22.0,59.589741539328024,-44.572838304038676,0.04,15.0,32.53014730368,-69.7422125349456,60.101140650876005,-44.09716244918984,0.25,0.5,0.25
CDNS,CDNS,AI infrastructure & compute,Fwd EPS,347.24,95774343168.0,9.38068,37.0x,0.18,28.0,431.55720780927993,24.282112604907248,0.12,22.0,289.9419598028801,-16.500990726045362,0.04,15.0,158.2798384128,-54.417740348807754,292.43024145696,-15.784402298997813,0.25,0.5,0.25
CEG,CEG,Energy transition & grids,Fwd EPS,267.2,96509984768.0,13.56624,19.7x,0.18,28.0,624.11346031104,133.575396822994,0.12,22.0,419.3109894758402,56.92776552239529,0.04,15.0,228.90262487040002,-14.332849973652683,422.90951603328006,58.27451947353297,0.25,0.5,0.25
CFLT,CFLT,Cybersecurity & digital trust,Fwd EPS,30.99,11133729792.0,0.64704,47.9x,0.18,28.0,29.767007907839997,-3.9464088162633137,0.12,22.0,19.998981488640005,-35.466339178315565,0.04,15.0,10.9174800384,-64.77095824975798,20.170612730880002,-34.91251135566311,0.25,0.5,0.25
CGNX,CGNX,Industrial automation & robotics,Fwd EPS,64.26,10694114304.0,1.74277,36.9x,0.18,28.0,80.17595260191999,24.768055714161186,0.12,22.0,53.86626015232002,-16.17450956688451,0.04,15.0,29.4056884992,-54.23951369561158,54.328540351440004,-15.455119278804851,0.25,0.5,0.25
CHKP,CHKP,Cybersecurity & digital trust,Fwd EPS,124.03,12902568960.0,11.42974,10.9x,0.18,28.0,525.82400000704,323.9490445916633,0.12,22.0,353.2751586918401,184.83041094238496,0.04,15.0,192.85354583040004,55.48943467741678,356.30696580528,187.2748252884625,0.25,0.5,0.25
CI,CI,Health Tech,Fwd EPS,285.27,75463155712.0,33.54698,8.5x,0.18,28.0,1543.3253260140796,441.0051270775335,0.12,22.0,1036.8840133836802,263.47460769926045,0.04,15.0,566.0368516608,98.42144342580717,1045.78255111056,266.5939464754654,0.25,0.5,0.25
CMI,CMI,Industrial automation & robotics,Fwd EPS,696.53,96113532928.0,33.20618,21.0x,0.18,28.0,1527.64685745728,119.32247820729617,0.12,22.0,1026.3504252108803,47.351933902470876,0.04,15.0,560.2865468928001,-19.56031371329303,1035.1585636929601,48.61650807473621,0.25,0.5,0.25
CNA.L,CNA.L,Energy transition & grids,Fwd EPS,189.25,8571006976.0,0.14758,1282.4x,0.18,28.0,6.7894025516799985,-96.41246892909908,0.12,22.0,4.561464033280001,-97.58971517396037,0.04,15.0,2.4901114368,-98.68422116945838,4.60061051376,-97.56903011161955,0.25,0.5,0.25
CNC,CNC,Health Tech,Fwd EPS,58.27,28773550080.0,4.46109,13.1x,0.18,28.0,205.23198149664,252.20865195922428,0.12,22.0,137.88522553344006,136.63158663710325,0.04,15.0,75.27179312640001,29.177609621417556,139.06855642248004,138.66235871371208,0.25,0.5,0.25
COHR,COHR,AI infrastructure & compute,Fwd EPS,382.45,74822262784.0,8.05455,47.5x,0.18,28.0,370.54873507679997,-3.1118485875800794,0.12,22.0,248.9533820928001,-34.905639405726205,0.04,15.0,135.90409996800003,-64.46487123336382,251.08989980760003,-34.34699965809909,0.25,0.5,0.25
COHU,COHU,Quantum / frontier compute,Fwd EPS,47.14,2223845888.0,1.45714,32.4x,0.18,28.0,67.03557415744,42.205290957658036,0.12,22.0,45.03788929024001,-4.459292977853179,0.04,15.0,24.586264934400006,-47.844155845566384,45.42440441808,-3.639362710903693,0.25,0.5,0.25
COLO-B.CO,COLO-B.CO,Health Tech,Fwd EPS,399.3,89988964352.0,26.49804,15.1x,0.18,28.0,1219.0395744038399,205.2941583781217,0.12,22.0,819.0124435046403,105.1120569758678,0.04,15.0,447.10036899840003,11.971041572351627,826.0412076028801,106.87232847555225,0.25,0.5,0.25
COP,COP,Energy transition & grids,Fwd EPS,122.41,149131378688.0,8.95737,13.7x,0.18,28.0,412.0828752835199,236.6415123629768,0.12,22.0,276.85811822592007,126.17279489087498,0.04,15.0,151.1373457152,23.468136357487147,279.23411436264,128.1138096255535,0.25,0.5,0.25
CRUS,CRUS,AI infrastructure & compute,Fwd EPS,159.71,8146390528.0,9.38633,17.0x,0.18,28.0,431.81713547167993,170.37576574521313,0.12,22.0,290.11659235328005,81.6521146786551,0.04,15.0,158.3751706368,-0.835783209066443,292.60637270376003,83.21105297336425,0.25,0.5,0.25
CRWD,CRWD,Cybersecurity & digital trust,Fwd EPS,594.08,151215063040.0,6.17212,96.3x,0.18,28.0,283.94773869951996,-52.2037875876111,0.12,22.0,190.77045256192005,-67.88808703172636,0.04,15.0,104.14193387520001,-82.47004883598169,192.40764442464,-67.61250262176137,0.25,0.5,0.25
CVS,CVS,Health Tech,Fwd EPS,95.89,122348666880.0,8.36284,11.5x,0.18,28.0,384.73158446464,301.22180046369795,0.12,22.0,258.48213766144005,169.56109882306816,0.04,15.0,141.1058648064,47.153889671915735,260.70043114848,171.87447194543748,0.25,0.5,0.25
CVX,CVX,Energy transition & grids,Fwd EPS,191.1,380594323456.0,12.1749,15.7x,0.18,28.0,560.1050083103999,193.09524244395598,0.12,22.0,376.30687395840005,96.91620824615387,0.04,15.0,205.42660070399998,7.49691297959183,379.5363392328,98.6061429789639,0.25,0.5,0.25
DDOG,DDOG,Cybersecurity & digital trust,Fwd EPS,207.98,74032603136.0,2.84462,73.1x,0.18,28.0,130.86644725952,-37.07738856643908,0.12,22.0,87.92269832192002,-57.72540709591305,0.04,15.0,47.9971594752,-76.92222354303298,88.67725084464001,-57.36260657532455,0.25,0.5,0.25
DE,DE,Industrial automation & robotics,Fwd EPS,561.83,151754391552.0,23.01586,24.4x,0.18,28.0,1058.8422456505598,88.46310194374807,0.12,22.0,711.3837754777602,26.61904410190985,0.04,15.0,388.34568514560004,-30.8784356218785,717.48887043792,27.70568863142231,0.25,0.5,0.25
DEMANT.CO,DEMANT.CO,Health Tech,Fwd EPS,235.8,49729892352.0,14.92988,15.8x,0.18,28.0,686.84757669248,191.28395958120436,0.12,22.0,461.4589418700802,95.69929680664977,0.04,15.0,251.91126804480004,6.8325988315521835,465.4191821193601,97.378788006514,0.25,0.5,0.25
DGX,DGX,Health Tech,Fwd EPS,186.61,20657061888.0,11.6707,16.0x,0.18,28.0,536.9093397472,187.7173462018112,0.12,22.0,360.72285061120016,93.30306554375443,0.04,15.0,196.91925427200002,5.524491866459469,363.8185738104001,94.96199228894488,0.25,0.5,0.25
DHR,DHR,Industrial automation & robotics,Fwd EPS,161.91,114595143680.0,9.09485,17.8x,0.18,28.0,418.40762838559993,158.41988041850405,0.12,22.0,281.1074072576001,73.61954620319935,0.04,15.0,153.457040256,-5.22077681675005,283.5198707892,75.1095490020382,0.25,0.5,0.25
DIOD,DIOD,AI infrastructure & compute,Fwd EPS,100.04,4596311552.0,4.99,20.0x,0.18,28.0,229.56443104,129.47264198320667,0.12,22.0,154.23299584000006,54.17132730907641,0.04,15.0,84.19607040000001,-15.837594562175127,155.55662328000005,55.49442550979613,0.25,0.5,0.25
DOV,DOV,Industrial automation & robotics,Fwd EPS,210.77,28382584832.0,11.59083,18.2x,0.18,28.0,533.23492870368,152.99375086761873,0.12,22.0,358.2541954252801,69.97399792441053,0.04,15.0,195.57161095680001,-7.210888192437248,361.3287326277601,71.43271463100065,0.25,0.5,0.25
DRX.L,DRX.L,Energy transition & grids,Fwd EPS,799.5,2688041984.0,0.56453,1416.2x,0.18,28.0,25.971143938879994,-96.75157674310444,0.12,22.0,17.448728084480003,-97.8175449550369,0.04,15.0,9.5252921088,-98.80859385756098,17.59847305416,-97.7988151276848,0.25,0.5,0.25
DSY.PA,DSY.PA,Industrial automation & robotics,Fwd EPS,19.92,26160775168.0,1.40339,14.2x,0.18,28.0,64.56281099743998,224.11049697510032,0.12,22.0,43.37656193024001,117.75382495100403,0.04,15.0,23.679343334400002,18.8722054939759,43.74881954808001,119.62258809277108,0.25,0.5,0.25
DT,DT,Cybersecurity & digital trust,Fwd EPS,38.36,11302887424.0,2.25666,17.0x,0.18,28.0,103.81740860736,170.63975132262775,0.12,22.0,69.74978605056002,81.8294735416059,0.04,15.0,38.07653391360001,-0.7389626861313614,70.34837865552001,83.38993392992704,0.25,0.5,0.25
DUK,DUK,Energy transition & grids,Fwd EPS,120.95,94292164608.0,7.16774,16.9x,0.18,28.0,329.75113325504,172.63425651512193,0.12,22.0,221.54348969984005,83.16948300937581,0.04,15.0,120.94099031040001,-0.007449102604373259,223.44477574128004,84.7414433578173,0.25,0.5,0.25
DVN,DVN,Energy transition & grids,Fwd EPS,49.49,57061474304.0,5.27533,9.4x,0.18,28.0,242.69100801568,390.38393213917965,0.12,22.0,163.05209417728005,229.46472858613868,0.04,15.0,89.01043207680002,79.85538912265106,164.45140711176003,232.292194608527,0.25,0.5,0.25
DXCM,DXCM,Health Tech,Fwd EPS,61.63,23781353472.0,3.04755,20.2x,0.18,28.0,140.2022208048,127.49021710984908,0.12,22.0,94.19494318080004,52.83943401070912,0.04,15.0,51.42118924800001,-16.564677514197612,95.00332410360002,54.15110190426744,0.25,0.5,0.25
EADSY,EADSY,Industrial automation & robotics,Fwd EPS,48.33,152186945536.0,2.35318,20.5x,0.18,28.0,108.25780116927999,123.99710566786672,0.12,22.0,72.73306636288002,50.49258506699778,0.04,15.0,39.70511201280001,-17.84582658224704,73.35726147696,51.78411230490381,0.25,0.5,0.25
ED,ED,Energy transition & grids,Fwd EPS,105.36,38828290048.0,6.49009,16.2x,0.18,28.0,298.57591548064,183.38640421473045,0.12,22.0,200.59840159744007,90.39331966347768,0.04,15.0,109.50702896640001,3.936056346241479,202.31993691048,92.02727497198178,0.25,0.5,0.25
EDP.LS,EDP.LS,Energy transition & grids,Fwd EPS,4.276,17676648448.0,0.29477,14.5x,0.18,28.0,13.560863193919998,217.13898956782037,0.12,22.0,9.110873784320002,113.07001366510762,0.04,15.0,4.9736424192,16.31530447146867,9.18906329544,114.89858034237605,0.25,0.5,0.25
EDPR.LS,EDPR.LS,Energy transition & grids,Fwd EPS,13.59,14283539456.0,0.47666,28.5x,0.18,28.0,21.928693727359995,61.359041408094164,0.12,22.0,14.732805570560004,8.409165346284064,0.04,15.0,8.0426651136,-40.81924125386314,14.859242495520002,9.339532711699805,0.25,0.5,0.25
ELV,ELV,Health Tech,Fwd EPS,392.68,85275320320.0,29.2475,13.4x,0.18,28.0,1345.5281957599998,242.65259136192313,0.12,22.0,903.9938969600001,130.2113417948457,0.04,15.0,493.49189759999996,25.67278639095445,911.75197182,132.18701533564223,0.25,0.5,0.25
EMR,EMR,Industrial automation & robotics,Fwd EPS,133.05,74521305088.0,7.15615,18.6x,0.18,28.0,329.21793651039997,147.4392608120255,0.12,22.0,221.18526115840007,66.24221056625332,0.04,15.0,120.74543270400002,-9.248077636978568,223.08347288280004,67.6689010768884,0.25,0.5,0.25
ENEL.MI,ENEL.MI,Energy transition & grids,Fwd EPS,9.484,94112235520.0,0.74858,12.7x,0.18,28.0,34.438345047679995,263.1204665508224,0.12,22.0,23.13742204928001,143.9626955849853,0.04,15.0,12.630760396800001,33.17967520877267,23.335987385760003,146.05638323239143,0.25,0.5,0.25
ENGI.PA,ENGI.PA,Energy transition & grids,Fwd EPS,26.6,67588857856.0,2.08432,12.8x,0.18,28.0,95.88892483071999,260.48467981473675,0.12,22.0,64.42302963712002,142.1918407410527,0.04,15.0,35.1686479872,32.212962357894746,64.97590802304,144.27033091368423,0.25,0.5,0.25
ENPH,ENPH,Energy transition & grids,Fwd EPS,52.89,6970807808.0,2.44096,21.7x,0.18,28.0,112.29611094015999,112.32011900200413,0.12,22.0,75.44620711936003,42.647394818226545,0.04,15.0,41.1862204416,-22.128530078275666,76.09368640512,43.87159464004537,0.25,0.5,0.25
ENR.DE,ENR.DE,Energy transition & grids,Fwd EPS,169.54,144252862464.0,5.82153,29.1x,0.18,28.0,267.81888221087996,57.96796166738232,0.12,22.0,179.93427099648005,6.130866460115647,0.04,15.0,98.2264428288,-42.06296872195352,181.47846675816,7.041681466415017,0.25,0.5,0.25
ENTG,ENTG,AI infrastructure & compute,Fwd EPS,133.07,20266561536.0,4.61425,28.8x,0.18,28.0,212.278091368,59.52362769068911,0.12,22.0,142.61915852800004,7.176041578116821,0.04,15.0,77.85605568,-41.49240574133914,143.84311602600002,8.095826276395911,0.25,0.5,0.25
EOG,EOG,Energy transition & grids,Fwd EPS,140.26,74706477056.0,14.40695,9.7x,0.18,28.0,662.7902364271999,372.54401570454866,0.12,22.0,445.2960038912001,217.47897040581785,0.04,15.0,243.08789107200002,73.31234213032943,449.11753382040007,220.20357466162847,0.25,0.5,0.25
ESLT,ESLT,Industrial automation & robotics,Fwd EPS,750.01,35087998976.0,17.32604,43.3x,0.18,28.0,797.0826682918399,6.276272088617474,0.12,22.0,535.5204519526401,-28.5982250966467,0.04,15.0,292.3415798784,-61.02164239431473,540.11628801888,-27.98545512474766,0.25,0.5,0.25
ESTC,ESTC,Cybersecurity & digital trust,Fwd EPS,50.6,5237150720.0,2.84321,17.8x,0.18,28.0,130.80158035616,158.5011469489328,0.12,22.0,87.87911745536003,73.6741451686957,0.04,15.0,47.9733686016,-5.190971143083001,88.63329596712,75.16461653581028,0.25,0.5,0.25
ET,ET,Energy transition & grids,Fwd EPS,20.15,69339357184.0,1.52683,13.2x,0.18,28.0,70.24165535968,248.5938231249628,0.12,22.0,47.19189680128001,134.2029617929529,0.04,15.0,25.7621415168,27.85181894193549,47.59689761976,136.212891413201,0.25,0.5,0.25
ETN,ETN,Industrial automation & robotics,Fwd EPS,399.44,155102560256.0,15.72393,25.4x,0.18,28.0,723.3777643612799,81.0979782598838,0.12,22.0,486.0017695948801,21.670781492809965,0.04,15.0,265.30924193280003,-33.579701098337665,490.17263637096005,22.71496003679152,0.25,0.5,0.25
EW,EW,Health Tech,Fwd EPS,81.38,46858600448.0,3.36319,24.2x,0.18,28.0,154.72320617824,90.12436247018924,0.12,22.0,103.95087560704002,27.735162947947934,0.04,15.0,56.746970342400004,-30.26914433226836,104.84298193368001,28.831386008454185,0.25,0.5,0.25
EXAS,EXAS,Health Tech,Fwd EPS,104.91,20026083328.0,1.9,55.2x,0.18,28.0,87.40930239999999,-16.68162958726529,0.12,22.0,58.725990400000015,-44.022504623010185,0.04,15.0,32.058623999999995,-69.4417843866171,59.2299768,-43.542105804975684,0.25,0.5,0.25
EXC,EXC,Energy transition & grids,Fwd EPS,43.38,44386770944.0,3.03819,14.3x,0.18,28.0,139.77161497824,222.20289298810508,0.12,22.0,93.90564040704002,116.47220010843711,0.04,15.0,51.26325834240001,18.172564182572625,94.71153853368003,118.32996434688803,0.25,0.5,0.25
FANG,FANG,Energy transition & grids,Fwd EPS,203.56,57264136192.0,16.98673,12.0x,0.18,28.0,781.47274703008,283.9029018618982,0.12,22.0,525.0329173196802,157.9253867752408,0.04,15.0,286.61641582080006,40.801933494203205,529.5387493725601,160.13890222664577,0.25,0.5,0.25
FAST,FAST,Industrial automation & robotics,Fwd EPS,43.26,49663995904.0,1.36793,31.6x,0.18,28.0,62.93147738528,45.472670793527506,0.12,22.0,42.28054949888001,-2.2641019443365384,0.04,15.0,23.081028172800004,-46.64579710402218,42.64340113896,-1.4253325497919467,0.25,0.5,0.25
FE,FE,Energy transition & grids,Fwd EPS,43.82,25346852864.0,2.94624,14.9x,0.18,28.0,135.54146479103997,209.3141597239616,0.12,22.0,91.06361155584003,107.81289720638982,0.04,15.0,49.7117896704,13.44543512186216,91.84511939328,109.59634731465084,0.25,0.5,0.25
FLEX,FLEX,AI infrastructure & compute,Fwd EPS,137.86,50687524864.0,6.5971,20.9x,0.18,28.0,303.4988994016,120.15007935702884,0.12,22.0,203.90591119360005,47.90795821384015,0.04,15.0,111.31260441600001,-19.256779039605398,205.6558315512,49.177304186275926,0.25,0.5,0.25
FLNC,FLNC,Energy transition & grids,Fwd EPS,20.77,3828133120.0,0.12899,161.0x,0.18,28.0,5.934171535039999,-71.42912116013481,0.12,22.0,3.986876579840001,-80.80463851786229,0.04,15.0,2.1764431104,-89.52121757149735,4.021091951280001,-80.63990394183918,0.25,0.5,0.25
FLS,FLS,Industrial automation & robotics,Fwd EPS,65.07,8316403200.0,4.61384,14.1x,0.18,28.0,212.25922936063995,226.20136677522663,0.12,22.0,142.60648607744002,119.1585770361765,0.04,15.0,77.8491377664,19.63906218902722,143.83033482048,121.0393957591517,0.25,0.5,0.25
FORM,FORM,Quantum / frontier compute,Fwd EPS,126.27,9843348480.0,2.785,45.3x,0.18,28.0,128.12363536,1.4679934743011103,0.12,22.0,86.07993856000003,-31.828669866159785,0.04,15.0,46.9911936,-62.785148016155844,86.81867652000003,-31.243623568543576,0.25,0.5,0.25
FRSH,FRSH,Cybersecurity & digital trust,Fwd EPS,8.96,2476850176.0,0.79397,11.3x,0.18,28.0,36.52650727711999,307.6619115749998,0.12,22.0,24.540355051520002,173.8878912,0.04,15.0,13.3966240512,49.51589342857141,24.75096035784,176.23839685089285,0.25,0.5,0.25
FSLR,FSLR,Energy transition & grids,Fwd EPS,233.37,25076389888.0,23.65115,9.9x,0.18,28.0,1088.0686960304,366.24188885906494,0.12,22.0,731.0195830784003,213.2448828377256,0.04,15.0,399.06490790400005,71.00094609589924,737.2931925228,215.93315015760385,0.25,0.5,0.25
FTNT,FTNT,Cybersecurity & digital trust,Fwd EPS,122.78,89954566144.0,3.42531,35.8x,0.18,28.0,157.58103031776,28.344217558038753,0.12,22.0,105.87090640896004,-13.77186316259974,0.04,15.0,57.795118617600004,-52.92790469327251,106.77949043832001,-13.031853365108315,0.25,0.5,0.25
FTV,FTV,Industrial automation & robotics,Fwd EPS,58.72,17901438976.0,3.219,18.2x,0.18,28.0,148.08976022399997,152.19645814713894,0.12,22.0,99.49419110400001,69.43833634877386,0.04,15.0,54.31405824,-7.503306811989097,100.348050168,70.89245600817439,0.25,0.5,0.25
GD,GD,Industrial automation & robotics,Fwd EPS,334.5,90458890240.0,18.09406,18.5x,0.18,28.0,832.4153485177599,148.85361689619128,0.12,22.0,559.2587336089601,67.19244651986851,0.04,15.0,305.3003506176,-8.729342117309425,564.05829158832,68.62729195465471,0.25,0.5,0.25
GE,GE,Industrial automation & robotics,Fwd EPS,281.53,294150897664.0,8.66134,32.5x,0.18,28.0,398.46404592063993,41.53519906249421,0.12,22.0,267.70829983744005,-4.90949460539194,0.04,15.0,146.14244336640002,-48.089921725428894,270.00577224048004,-4.09342796842963,0.25,0.5,0.25
GEN,GEN,Cybersecurity & digital trust,Fwd EPS,23.45,14202815488.0,3.28936,7.1x,0.18,28.0,151.32666470655997,545.316267405373,0.12,22.0,101.66890725376001,333.5561076919403,0.04,15.0,55.5012397056,136.6790605782516,102.54142972992,337.2768858418763,0.25,0.5,0.25
GEV,GEV,Energy transition & grids,Fwd EPS,1049.23,281949077504.0,24.77757,42.3x,0.18,28.0,1139.8895309827199,8.640577469450905,0.12,22.0,765.8354410291201,-27.00976515834277,0.04,15.0,418.07094750720006,-60.15449925114606,772.40784013704,-26.383363024595173,0.25,0.5,0.25
GGG,GGG,Industrial automation & robotics,Fwd EPS,75.72,12567110656.0,3.37636,22.4x,0.18,28.0,155.32909065855998,105.13614719830953,0.12,22.0,104.35793944576002,37.820839204648735,0.04,15.0,56.9691872256,-24.763355486529314,105.25353919392002,39.00361753026944,0.25,0.5,0.25
GMAB.CO,GMAB.CO,Health Tech,Fwd EPS,1684.0,103386488832.0,107.80323,15.6x,0.18,28.0,4959.4763846140795,194.50572355190494,0.12,22.0,3332.027078983681,97.8638407947554,0.04,15.0,1818.9595876608,8.01422729577197,3360.62253256056,99.56190810929692,0.25,0.5,0.25
GNRC,GNRC,Industrial automation & robotics,Fwd EPS,263.68,15522493440.0,11.03884,23.9x,0.18,28.0,507.84068616063996,92.59734760339803,0.12,22.0,341.1930588774401,29.396639440776728,0.04,15.0,186.25790576640003,-29.362141320388336,344.12117742048,30.50712129114079,0.25,0.5,0.25
GSAT,GSAT,Quantum / frontier compute,Fwd EPS,81.98,10558116864.0,0.59261,138.3x,0.18,28.0,27.262961418559996,-66.7443749468651,0.12,22.0,18.316636405760004,-77.6571890634789,0.04,15.0,9.9990848256,-87.80301924176628,18.47382976392,-77.4654430788973,0.25,0.5,0.25
GSK,GSK,Health Tech,Fwd EPS,49.67,99713130496.0,5.23362,9.5x,0.18,28.0,240.77214380351995,384.74359533625926,0.12,22.0,161.76290414592006,225.67526504111143,0.04,15.0,88.30666091520001,77.78671414374875,163.15115325264003,228.47020989055773,0.25,0.5,0.25
HAL,HAL,Energy transition & grids,Fwd EPS,41.76,34886209536.0,2.884,14.5x,0.18,28.0,132.67812006399998,217.71580475095783,0.12,22.0,89.13987174400002,113.45754727969353,0.04,15.0,48.661616640000005,16.526859770114967,89.90487004800002,115.28943977011501,0.25,0.5,0.25
HEXA-B.ST,HEXA-B.ST,Industrial automation & robotics,Fwd EPS,95.74,257002323968.0,5.33,18.0x,0.18,28.0,245.20609567999998,156.11666563609776,0.12,22.0,164.74185728000006,72.07213001880099,0.04,15.0,89.93287680000002,-6.06551410068934,166.15567176000002,73.54885289325259,0.25,0.5,0.25
HII,HII,Industrial automation & robotics,Fwd EPS,326.17,12852412416.0,20.44682,16.0x,0.18,28.0,940.6538276307198,188.3937295369653,0.12,22.0,631.9788184371201,93.7574940788914,0.04,15.0,344.9983759872,5.772565222797921,637.4024601230401,95.42032072938653,0.25,0.5,0.25
HIK.L,HIK.L,Health Tech,Fwd EPS,1440.0,3086951168.0,1.8560674,775.8x,0.18,28.0,85.38818770599039,-94.07026474263955,0.12,22.0,57.368103323238415,-96.01610393588622,0.04,15.0,31.317350997504004,-97.82518395850667,57.86043633749281,-95.98191414322966,0.25,0.5,0.25
HLMA.L,HLMA.L,Industrial automation & robotics,Fwd EPS,4486.0,16943696896.0,1.26493,3546.4x,0.18,28.0,58.192973097279996,-98.7027870464271,0.12,22.0,39.096982650880015,-99.12846672646278,0.04,15.0,21.343113292800002,-99.5242284152296,39.43251292296001,-99.12098722864556,0.25,0.5,0.25
HO.PA,HO.PA,Industrial automation & robotics,Fwd EPS,219.4,45082636288.0,12.19792,18.0x,0.18,28.0,561.16404101632,155.7721244377028,0.12,22.0,377.01838569472005,71.84064981527804,0.04,15.0,205.8150162432,-6.191879560984503,380.25395716224006,73.31538612681862,0.25,0.5,0.25
HOLX,HOLX,Health Tech,Fwd EPS,76.01,16968846336.0,4.861,15.6x,0.18,28.0,223.62979945599997,194.21102414945395,0.12,22.0,150.24581017600002,97.66584683068018,0.04,15.0,82.01945856,7.906142033942909,151.535219592,99.36221496118931,0.25,0.5,0.25
HON,HON,Industrial automation & robotics,Fwd EPS,213.24,135120191488.0,11.45882,18.6x,0.18,28.0,527.16182238272,147.21526091855185,0.12,22.0,354.17397542912005,66.09171610819735,0.04,15.0,193.34421150720001,-9.330232832864372,357.21349618704,67.51711507552054,0.25,0.5,0.25
HUM,HUM,Health Tech,Fwd EPS,305.12,36633165824.0,15.3401,19.9x,0.18,28.0,705.7197051295999,131.2925095469323,0.12,22.0,474.13819228160014,55.3940063848978,0.04,15.0,258.83289369600004,-15.170131851074975,478.20724584720006,56.72759761641324,0.25,0.5,0.25
HXL,HXL,Industrial automation & robotics,Fwd EPS,88.65,6686620160.0,3.18141,27.9x,0.18,28.0,146.36043618335998,65.09919479228424,0.12,22.0,98.33234374656004,10.921989561827461,0.04,15.0,53.679803673600006,-39.4474859857868,99.17623183752002,11.873921982538093,0.25,0.5,0.25
IBE.MC,IBE.MC,Energy transition & grids,Fwd EPS,19.2,129750638592.0,1.06926,18.0x,0.18,28.0,49.19119509696,156.20414113,0.12,22.0,33.04913289216001,72.13090048000007,0.04,15.0,18.041581209600004,-6.033431199999972,33.33276052272001,73.60812772250004,0.25,0.5,0.25
IBM,IBM,Quantum / frontier compute,Fwd EPS,219.3,206116847616.0,13.45374,16.3x,0.18,28.0,618.93790951104,182.23342886960324,0.12,22.0,415.83379267584013,89.618692510643,0.04,15.0,227.0044168704,3.513185987414502,419.40247793328007,91.24599996957595,0.25,0.5,0.25
ICHR,ICHR,AI infrastructure & compute,Fwd EPS,73.27,2546155264.0,2.61286,28.0x,0.18,28.0,120.20435256255998,64.05671156347752,0.12,22.0,80.75936382976002,10.221596601282968,0.04,15.0,44.086682265600004,-39.8298317652518,81.45244062192,11.167518250197904,0.25,0.5,0.25
IEX,IEX,Industrial automation & robotics,Fwd EPS,207.69,15372187648.0,9.2268,22.5x,0.18,28.0,424.4779744128,104.38055487158748,0.12,22.0,285.1857727488001,37.31319406268965,0.04,15.0,155.68342732800002,-25.040479884443144,287.6332368096001,38.491615778130914,0.25,0.5,0.25
IFX.DE,IFX.DE,AI infrastructure & compute,Fwd EPS,65.19,84714381312.0,2.56896,25.4x,0.18,28.0,118.18473762816001,81.29274064758401,0.12,22.0,79.40248436736002,21.80163271569262,0.04,15.0,43.345959321600006,-33.50826917993556,80.08391642112001,22.846934224758407,0.25,0.5,0.25
ILMN,ILMN,Health Tech,Fwd EPS,142.54,21566300160.0,5.92997,24.0x,0.18,28.0,272.80765313311997,91.39024353382909,0.12,22.0,183.28597962752005,28.58564587310233,0.04,15.0,100.0561466112,-29.80486417061876,184.85893974984,29.68916777735373,0.25,0.5,0.25
IMI.L,IMI.L,Industrial automation & robotics,Fwd EPS,2646.0,6345800192.0,1.523,1737.4x,0.18,28.0,70.06545660799998,-97.35202355978836,0.12,22.0,47.073517568000014,-98.2209554962963,0.04,15.0,25.697518080000002,-99.02881639909296,47.477502456,-98.20568773786849,0.25,0.5,0.25
INDI,INDI,Quantum / frontier compute,Fwd EPS,4.19,885299200.0,0.14351,29.2x,0.18,28.0,6.602162624959999,57.56951372219567,0.12,22.0,4.435666780160001,5.863168977565647,0.04,15.0,2.4214384896,-42.20910526014321,4.4737336687200004,6.771686604295946,0.25,0.5,0.25
INOD,INOD,AI infrastructure & compute,Fwd EPS,96.1,3138179840.0,2.006,47.9x,0.18,28.0,92.28582137599999,-3.968968391259109,0.12,22.0,62.00228249600001,-35.48149584183141,0.04,15.0,33.84715776,-64.77923229968783,62.534386032,-34.92779809365244,0.25,0.5,0.25
IONQ,IONQ,Quantum / frontier compute,Rev/Sh,51.95,19391373312.0,0.5012940393476305,103.6x,0.45,30.0,45.8477262211851,-11.746436532848703,0.28,20.0,21.025795944119245,-59.52686055029982,0.1,12.0,8.006668396460357,-84.58774129651519,21.433487357851803,-58.742084007984985,0.2,0.45,0.35
IR,IR,Industrial automation & robotics,Fwd EPS,70.35,27530545152.0,3.846,18.3x,0.18,28.0,176.93483001599998,151.5065103283582,0.12,22.0,118.87376793600005,68.97479450746278,0.04,15.0,64.89340416,-7.756355138592741,119.89394251200001,70.42493605117272,0.25,0.5,0.25
IRDM,IRDM,Quantum / frontier compute,Fwd EPS,41.62,4400388608.0,1.34,31.1x,0.18,28.0,61.64656063999999,48.117637289764524,0.12,22.0,41.417277440000014,-0.48707967323398105,0.04,15.0,22.609766400000005,-45.67571744353675,41.772720480000004,0.36694012493994066,0.25,0.5,0.25
ISRG,ISRG,Health Tech,Fwd EPS,421.12,149145059328.0,11.78924,35.7x,0.18,28.0,542.3627601190399,28.790549040425507,0.12,22.0,364.38673424384007,-13.471995097872325,0.04,15.0,198.9193749504,-52.76420617629179,367.51390088928,-12.729411832902727,0.25,0.5,0.25
ITT,ITT,Industrial automation & robotics,Fwd EPS,194.57,17480134656.0,9.19675,21.2x,0.18,28.0,423.0955272879999,117.451573874698,0.12,22.0,284.2569748480001,46.094965743948244,0.04,15.0,155.17639488,-20.246494896438293,286.69646796600006,47.34875261653906,0.25,0.5,0.25
ITW,ITW,Industrial automation & robotics,Fwd EPS,247.68,71257530368.0,12.17139,20.3x,0.18,28.0,559.9435311254399,126.07539208875966,0.12,22.0,376.1983854182401,51.88888300155041,0.04,15.0,205.36737661440003,-17.08358502325581,379.42691964408,53.19239326715115,0.25,0.5,0.25
JBL,JBL,AI infrastructure & compute,Fwd EPS,339.82,35851902976.0,14.56567,23.3x,0.18,28.0,670.09213352032,97.19031649706315,0.12,22.0,450.20178767872017,32.48242824987351,0.04,15.0,245.76596728320004,-27.677603648048954,454.0654190402401,33.61939233719031,0.25,0.5,0.25
JCI,JCI,Industrial automation & robotics,Fwd EPS,143.08,87295336448.0,5.68597,25.2x,0.18,28.0,261.58245850912,82.82251782857139,0.12,22.0,175.74432612352007,22.829414400000037,0.04,15.0,95.93914437120002,-32.947201306122444,177.25256378184002,23.883536330612245,0.25,0.5,0.25
JNJ,JNJ,Health Tech,Fwd EPS,226.71,545740161024.0,12.71004,17.8x,0.18,28.0,584.7240683558399,157.91719304655282,0.12,22.0,392.8472036966401,73.28181540145565,0.04,15.0,214.45599651839999,-5.405144670107198,396.2186180668801,74.76891979483926,0.25,0.5,0.25
KLAC,KLAC,AI infrastructure & compute,Fwd EPS,1804.32,235693834240.0,49.80891,36.2x,0.18,28.0,2291.4537244233597,26.998189036499063,0.12,22.0,1539.5145107865605,-14.676193203724363,0.04,15.0,840.4237460736,-53.42158009257781,1552.7266230175203,-13.943944365881865,0.25,0.5,0.25
KLIC,KLIC,Quantum / frontier compute,Fwd EPS,102.04,5340046848.0,4.23667,24.1x,0.18,28.0,194.90756273632,91.01093956911012,0.12,22.0,130.94875881472004,28.330810284907916,0.04,15.0,71.48516344320001,-29.94397937749902,132.07256095224002,29.432145190356728,0.25,0.5,0.25
KMI,KMI,Energy transition & grids,Fwd EPS,33.63,74820894720.0,1.52845,22.0x,0.18,28.0,70.31618329119999,109.08766961403504,0.12,22.0,47.24196843520002,40.475671826345575,0.04,15.0,25.789475712,-23.314077573595004,47.64739896840001,41.681233923282804,0.25,0.5,0.25
KNEBV.HE,KNEBV.HE,Industrial automation & robotics,Fwd EPS,51.0,26432466944.0,2.47697,20.6x,0.18,28.0,113.95274724512001,123.4367593041569,0.12,22.0,76.55921917952003,50.11611603827457,0.04,15.0,41.793815731200006,-18.0513417035294,77.21625033384002,51.40441241929417,0.25,0.5,0.25
KTOS,KTOS,Industrial automation & robotics,Fwd EPS,52.09,9767915520.0,1.09203,47.7x,0.18,28.0,50.23872657888,-3.553990057823009,0.12,22.0,33.75291752448001,-35.202692408370105,0.04,15.0,18.4257785088,-64.62703300287963,34.042585034160005,-34.64660196936072,0.25,0.5,0.25
LASR,LASR,Quantum / frontier compute,Fwd EPS,75.61,4265062400.0,0.67556,111.9x,0.18,28.0,31.07906754176,-58.89555939457743,0.12,22.0,20.880489512960008,-72.38395779267292,0.04,15.0,11.398696857600001,-84.92435278719745,21.059685856320005,-72.14695694178019,0.25,0.5,0.25
LDO.MI,LDO.MI,Industrial automation & robotics,Fwd EPS,48.99,28266676224.0,2.75297,17.8x,0.18,28.0,126.65009854112,158.52234852239232,0.12,22.0,85.08994199552002,73.68838945809352,0.04,15.0,46.4507526912,-5.183195159828536,85.82018380584002,75.17898306968772,0.25,0.5,0.25
LDOS,LDOS,Industrial automation & robotics,Fwd EPS,123.69,15558404096.0,13.15914,9.4x,0.18,28.0,605.38486714944,389.43719552869265,0.12,22.0,406.72817332224014,228.82866304651964,0.04,15.0,222.03364285440003,79.50815979820523,410.2187141620801,231.65067035498433,0.25,0.5,0.25
LECO,LECO,Industrial automation & robotics,Fwd EPS,260.92,14295054336.0,12.0598,21.6x,0.18,28.0,554.8098447807998,112.63599753978224,0.12,22.0,372.7493152768001,42.85961799662734,0.04,15.0,203.484523008,-22.012677062701215,375.9482495856,44.08563911758394,0.25,0.5,0.25
LEU,LEU,Energy transition & grids,Fwd EPS,182.6,3592252416.0,3.97,46.0x,0.18,28.0,182.63943712,0.021597546549845248,0.12,22.0,122.70641152000003,-32.80043180722889,0.04,15.0,66.9856512,-63.31563461117196,123.75947784000002,-32.22372516976998,0.25,0.5,0.25
LH,LH,Health Tech,Fwd EPS,250.4,20532799488.0,19.43894,12.9x,0.18,28.0,894.2864130502398,257.14313620217246,0.12,22.0,600.8268441190402,139.94682273124604,0.04,15.0,327.9924570624,30.987402980191693,605.98313958768,142.00604616121404,0.25,0.5,0.25
LHX,LHX,Industrial automation & robotics,Fwd EPS,303.39,56520024064.0,13.65531,22.2x,0.18,28.0,628.21111639776,107.0638835814496,0.12,22.0,422.0640020889601,39.115990009215885,0.04,15.0,230.40549941760003,-24.056330328092546,425.68615499832003,40.309883317947204,0.25,0.5,0.25
LLY,LLY,Health Tech,Fwd EPS,1004.92,896128712704.0,44.43533,22.6x,0.18,28.0,2044.2427353756796,103.4234302606854,0.12,22.0,1373.4256647372804,36.67014933898025,0.04,15.0,749.7555456768,-25.391519158062327,1385.2124026317601,37.8430524451459,0.25,0.5,0.25
LMT,LMT,Industrial automation & robotics,Fwd EPS,516.01,118973136896.0,32.08337,16.1x,0.18,28.0,1475.9921001795199,186.0394372549989,0.12,22.0,991.6461466419203,92.17576144685573,0.04,15.0,541.3414186752001,4.9090945282455944,1000.1564530346401,93.82501366923898,0.25,0.5,0.25
LNG,LNG,Energy transition & grids,Fwd EPS,241.84,50678022144.0,19.26808,12.6x,0.18,28.0,886.4260165196799,266.5340789446245,0.12,22.0,595.5458321612803,146.2561330471718,0.04,15.0,325.1095431168,34.43166685279524,600.6568059897601,148.36950297294084,0.25,0.5,0.25
LONN.SW,LONN.SW,Health Tech,Fwd EPS,469.4,32784881664.0,21.79067,21.5x,0.18,28.0,1002.4775071203198,113.56572371544948,0.12,22.0,673.5150932787202,43.48425506576912,0.04,15.0,367.6731032832,-21.67168656088623,679.2951992402401,44.71563682152537,0.25,0.5,0.25
LR.PA,LR.PA,Energy transition & grids,Fwd EPS,152.1,39758200832.0,6.4678,23.5x,0.18,28.0,297.5504663488,95.62818300381328,0.12,22.0,199.90945300480007,31.432907958448443,0.04,15.0,109.130930688,-28.250538666666657,201.62507576160004,32.56086506351088,0.25,0.5,0.25
LRCX,LRCX,AI infrastructure & compute,Fwd EPS,284.72,356062593024.0,7.91294,36.0x,0.18,28.0,364.03398175423996,27.856835401180092,0.12,22.0,244.57644130304004,-14.0993111467266,0.04,15.0,133.51472010240002,-53.1066591379601,246.67539611568,-13.362111507558305,0.25,0.5,0.25
LSCC,LSCC,AI infrastructure & compute,Fwd EPS,120.11,16456013824.0,2.3112,52.0x,0.18,28.0,106.32651563519998,-11.47571756290069,0.12,22.0,71.43553105920002,-40.524909616851204,0.04,15.0,38.996785152,-67.53244096911163,72.0485907264,-40.014494441428695,0.25,0.5,0.25
MDB,MDB,Cybersecurity & digital trust,Fwd EPS,312.16,25088151552.0,7.08259,44.1x,0.18,28.0,325.83381636063996,4.380387096565852,0.12,22.0,218.91163807744005,-29.871976525679134,0.04,15.0,119.5042577664,-61.71698559507946,220.79033757048,-29.270137887467975,0.25,0.5,0.25
MDT,MDT,Health Tech,Fwd EPS,76.15,97767841792.0,6.06287,12.6x,0.18,28.0,278.92170381152,266.27932214250814,0.12,22.0,187.39370811392007,146.08497454224562,0.04,15.0,102.29856299520002,34.33823111648064,189.00192075864004,148.19687558587003,0.25,0.5,0.25
MNDY,MNDY,Cybersecurity & digital trust,Fwd EPS,71.97,3710158848.0,5.45361,13.2x,0.18,28.0,250.89276087455997,248.60742097340554,0.12,22.0,168.56244658176007,134.21209751529815,0.04,15.0,92.01854338560001,27.856806149228873,170.00904935592,136.22210553830766,0.25,0.5,0.25
MOH,MOH,Health Tech,Fwd EPS,184.99,9637979136.0,9.1835,20.1x,0.18,28.0,422.485962416,128.38313552948807,0.12,22.0,283.8474383360001,53.439341767663166,0.04,15.0,154.95282816000002,-16.237186788475043,286.28341681200004,54.756158069084826,0.25,0.5,0.25
MPC,MPC,Energy transition & grids,Fwd EPS,255.03,74452598784.0,22.38308,11.4x,0.18,28.0,1029.73126755968,303.7686811589539,0.12,22.0,691.8255480012801,171.2722220920206,0.04,15.0,377.6688135168,48.087994948359025,697.7627942697601,173.60028007283853,0.25,0.5,0.25
MPWR,MPWR,AI infrastructure & compute,Fwd EPS,1550.02,76152479744.0,30.15886,51.4x,0.18,28.0,1387.45521777856,-10.487915137962089,0.12,22.0,932.1625909657603,-39.861253986028544,0.04,15.0,508.8692384256001,-67.17015016415272,940.1624095339201,-39.34514331854297,0.25,0.5,0.25
MRK,MRK,Health Tech,Fwd EPS,111.38,275089031168.0,9.52277,11.7x,0.18,28.0,438.0940434819199,293.33277382108093,0.12,22.0,294.33373663232004,164.26085170795483,0.04,15.0,160.6773172992,44.26047521924943,296.85970851144003,166.52873811406002,0.25,0.5,0.25
MRVL,MRVL,AI infrastructure & compute,Fwd EPS,176.89,154876592128.0,5.42408,32.6x,0.18,28.0,249.53423629568,41.06746356248516,0.12,22.0,167.64972105728003,-5.223742971745127,0.04,15.0,91.5202848768,-48.26147047498445,169.08849082176002,-4.410373213997387,0.25,0.5,0.25
MTZ,MTZ,Energy transition & grids,Fwd EPS,414.9,32784799744.0,11.71295,35.4x,0.18,28.0,538.8530466031999,29.875402893034455,0.12,22.0,362.0287311872001,-12.743135409207007,0.04,15.0,197.63213683200001,-52.36632035864063,365.13566145240003,-11.994297071005045,0.25,0.5,0.25
MU,MU,AI infrastructure & compute,Fwd EPS,724.66,817223696384.0,102.5821,7.1x,0.18,28.0,4719.278841961599,551.2404219857036,0.12,22.0,3170.650220953601,337.5362543749622,0.04,15.0,1730.863670016,138.8518298258494,3197.8607384712004,341.29119014036934,0.25,0.5,0.25
MXL,MXL,AI infrastructure & compute,Fwd EPS,92.34,8268673536.0,1.86817,49.4x,0.18,28.0,85.94496656032,-6.925528957851423,0.12,22.0,57.74217551872002,-37.46786276941735,0.04,15.0,31.521557683200005,-65.86359358544509,58.237718820240005,-36.93121202053281,0.25,0.5,0.25
NCC.L,NCC.L,Cybersecurity & digital trust,Fwd EPS,137.8,384321696.0,0.057,2417.5x,0.18,28.0,2.622279072,-98.09703986066764,0.12,22.0,1.7617797120000005,-98.72149512917271,0.04,15.0,0.9617587200000001,-99.30206188679244,1.7768993040000003,-98.71052300145138,0.25,0.5,0.25
NDSN,NDSN,Industrial automation & robotics,Fwd EPS,274.88,15333795840.0,12.33505,22.3x,0.18,28.0,567.4726924048,106.44379089231664,0.12,22.0,381.25685678080015,38.699380377182834,0.04,15.0,208.12880524800002,-24.283758277066347,384.52880280360006,39.88969834240399,0.25,0.5,0.25
NDX1.DE,NDX1.DE,Energy transition & grids,Fwd EPS,45.28,10724521984.0,2.31302,19.6x,0.18,28.0,106.41024454591998,135.00495703604236,0.12,22.0,71.49178437632003,57.88821637879864,0.04,15.0,39.0274939392,-13.808538120141344,72.10532680944,59.24321291837455,0.25,0.5,0.25
NEE,NEE,Energy transition & grids,Fwd EPS,93.36,194687483904.0,4.39052,21.3x,0.18,28.0,201.98541598592,116.35113109031705,0.12,22.0,135.70401861632004,45.35563262245077,0.04,15.0,74.0810683392,-20.650098179948586,136.86863038944003,46.60307453881751,0.25,0.5,0.25
NET,NET,Cybersecurity & digital trust,Fwd EPS,197.56,69830787072.0,1.52508,129.5x,0.18,28.0,70.16114679168,-64.48615772844705,0.12,22.0,47.13780707328001,-76.14000451848551,0.04,15.0,25.732613836800002,-86.97478546426403,47.54234369376,-75.93523805742053,0.25,0.5,0.25
NEX.PA,NEX.PA,Energy transition & grids,Fwd EPS,163.4,7146772992.0,9.10552,17.9x,0.18,28.0,418.89850062592,156.36383147241128,0.12,22.0,281.4372000563201,72.23818852895964,0.04,15.0,153.63707473920002,-5.974862460709907,283.85249386944,73.71633651740514,0.25,0.5,0.25
NGG,NGG,Energy transition & grids,Fwd EPS,80.64,80245620736.0,6.50506,12.4x,0.18,28.0,299.26460877376,271.11186603888893,0.12,22.0,201.06110058496006,149.33172195555562,0.04,15.0,109.75961717760002,36.1106363809524,202.78660678032006,151.47148658273815,0.25,0.5,0.25
NOC,NOC,Industrial automation & robotics,Fwd EPS,540.69,76796076032.0,30.1831,17.9x,0.18,28.0,1388.5703764575999,156.81451043252136,0.12,22.0,932.9118109696003,72.54097744911137,0.04,15.0,509.27823897600007,-5.809569443488871,940.9180593432001,74.02172397181378,0.25,0.5,0.25
NOD.OL,NOD.OL,AI infrastructure & compute,Fwd EPS,204.0,40281968640.0,4.59308,44.4x,0.18,28.0,211.30416771967995,3.5804743723921284,0.12,22.0,141.96482736128004,-30.409398352313698,0.04,15.0,77.4988551168,-62.01036513882353,143.18316938976,-29.812171867764704,0.25,0.5,0.25
NOVN.SW,NOVN.SW,Health Tech,Fwd EPS,116.68,222636163072.0,7.619647,15.3x,0.18,28.0,350.54106779171195,200.42943760002737,0.12,22.0,235.51121924915205,101.84369150595822,0.04,15.0,128.56599904512,10.186834971820357,237.532376333784,103.57591389594103,0.25,0.5,0.25
NOW,NOW,Cybersecurity & digital trust,Fwd EPS,95.07,98046451712.0,5.02558,18.9x,0.18,28.0,231.20128523967995,143.1905808769117,0.12,22.0,155.33271728128003,63.387732493194534,0.04,15.0,84.7964103168,-10.806342361628262,156.66578252976,64.78992587541813,0.25,0.5,0.25
NRG,NRG,Energy transition & grids,Fwd EPS,127.81,26966179840.0,11.41319,11.2x,0.18,28.0,525.0626189782399,310.8149745546045,0.12,22.0,352.76362440704014,176.00627838748153,0.04,15.0,192.57429834240003,50.67232481214303,355.79104153368,178.3749640354276,0.25,0.5,0.25
NVDA,NVDA,AI infrastructure & compute,Fwd EPS,225.32,5457368842240.0,11.42982,19.7x,0.18,28.0,525.82768039872,133.36928830051482,0.12,22.0,353.2776313651201,56.789291392295446,0.04,15.0,192.85489566720003,-14.408443250843227,356.30945969904,58.13485695856562,0.25,0.5,0.25
NVMI,NVMI,AI infrastructure & compute,Fwd EPS,509.15,16194106368.0,12.69707,40.1x,0.18,28.0,584.1273848547199,14.725991329612098,0.12,22.0,392.44632154112014,-22.92127633484825,0.04,15.0,214.23715422720002,-57.922585833801435,395.81429554104005,-22.25978679347146,0.25,0.5,0.25
NVO,NVO,Health Tech,Fwd EPS,44.74,198325764096.0,3.3674765,13.3x,0.18,28.0,154.92040616494398,246.26823014068836,0.12,22.0,104.08336453222402,132.64051080067952,0.04,15.0,56.819296285440004,26.99887412928028,104.97660787870802,134.63703146783197,0.25,0.5,0.25
OKE,OKE,Energy transition & grids,Fwd EPS,92.32,58164629504.0,6.19452,14.9x,0.18,28.0,284.97824836992,208.68527769705372,0.12,22.0,191.46280108032005,107.39038245268637,0.04,15.0,104.51988817920001,13.214783556325838,193.10593467744002,109.1702065396881,0.25,0.5,0.25
OKTA,OKTA,Cybersecurity & digital trust,Fwd EPS,82.77,14513425408.0,4.23388,19.5x,0.18,28.0,194.77920907648,135.3258536625347,0.12,22.0,130.86252433408004,58.10381096300596,0.04,15.0,71.4380878848,-13.690844648060885,131.98558640736002,59.46065773512146,0.25,0.5,0.25
OLED,OLED,AI infrastructure & compute,Fwd EPS,92.64,4331002368.0,4.98644,18.6x,0.18,28.0,229.40065361024,147.6259214272884,0.12,22.0,154.12296187904005,66.36761860863562,0.04,15.0,84.1360026624,-9.179617160621756,155.44564500768,67.79538537098446,0.25,0.5,0.25
ON,ON,AI infrastructure & compute,Fwd EPS,113.11,43977531392.0,4.2653,26.5x,0.18,28.0,196.2246829088,73.48128627778267,0.12,22.0,131.83366676480006,16.553502576960533,0.04,15.0,71.96823628800001,-36.37323288126601,132.96506318160004,17.553764637609447,0.25,0.5,0.25
ONTO,ONTO,Quantum / frontier compute,Fwd EPS,271.77,13518809088.0,9.49857,28.6x,0.18,28.0,436.98072499872,60.79064098271334,0.12,22.0,293.5857529651201,8.027285191566435,0.04,15.0,160.26899166720003,-41.027710318578194,296.1053056490401,8.954375261817017,0.25,0.5,0.25
ORSTED.CO,ORSTED.CO,Energy transition & grids,Fwd EPS,162.55,214738632704.0,9.59657,16.9x,0.18,28.0,441.48920480671995,171.60209462117498,0.12,22.0,296.6147777331201,82.4760244436297,0.04,15.0,161.9225417472,-0.3860093834512579,299.16032550504,84.04203353124578,0.25,0.5,0.25
OTIS,OTIS,Industrial automation & robotics,Fwd EPS,71.01,27247679488.0,4.72151,15.0x,0.18,28.0,217.21257651296,205.89012324033234,0.12,22.0,145.93439522816007,105.51245631342074,0.04,15.0,79.66584936960001,12.189620292353197,147.18680408472002,107.27616403988173,0.25,0.5,0.25
OXIG.L,OXIG.L,Quantum / frontier compute,Fwd EPS,2956.0,1632573184.0,1.10268,2680.7x,0.18,28.0,50.728678721280005,-98.28387419752097,0.12,22.0,34.08209215488001,-98.84701988650609,0.04,15.0,18.605475532800003,-99.37058607805143,34.37458464096001,-98.83712501214615,0.25,0.5,0.25
OXY,OXY,Energy transition & grids,Fwd EPS,59.62,59300118528.0,3.70608,16.1x,0.18,28.0,170.49782496767997,185.97421161972488,0.12,22.0,114.54906236928004,92.13193956605173,0.04,15.0,62.53253959680001,4.885172084535405,115.53212232576001,93.78081570909093,0.25,0.5,0.25
PANW,PANW,Cybersecurity & digital trust,Fwd EPS,242.83,196935139328.0,3.9701,61.2x,0.18,28.0,182.64403760959996,-24.78522521533585,0.12,22.0,122.70950236160003,-49.46691003516863,0.04,15.0,66.987338496,-72.41389511345386,123.76259520720001,-49.033235099781734,0.25,0.5,0.25
PATH,PATH,Cybersecurity & digital trust,Fwd EPS,10.27,5344953856.0,0.89986,11.4x,0.18,28.0,41.397965714559994,303.0960634329113,0.12,22.0,27.813247221760008,170.8203234835444,0.04,15.0,15.1833017856,47.8413026835443,28.051940485920003,173.14450327088613,0.25,0.5,0.25
PD,PD,Cybersecurity & digital trust,Fwd EPS,6.77,518916480.0,1.38,4.9x,0.18,28.0,63.48675648,837.7659745937962,0.12,22.0,42.65361408000001,530.0386127031021,0.04,15.0,23.2846848,243.93921418020682,43.01966736000001,535.4456035450518,0.25,0.5,0.25
PFE,PFE,Health Tech,Fwd EPS,25.33,144366927872.0,2.83504,8.9x,0.18,28.0,130.42572035583999,414.9061206310304,0.12,22.0,87.62659569664002,245.93997511504156,0.04,15.0,47.8355165184,88.84925589577577,88.37860706688002,248.90883168922238,0.25,0.5,0.25
PH,PH,Industrial automation & robotics,Fwd EPS,862.72,108777250816.0,34.03701,25.3x,0.18,28.0,1565.86910520096,81.50374457540799,0.12,22.0,1052.0300644761603,21.943395826706258,0.04,15.0,574.3051082496002,-33.43088044213648,1061.05858560072,22.989913946671003,0.25,0.5,0.25
PI,PI,AI infrastructure & compute,Fwd EPS,138.72,4225297920.0,2.81908,49.2x,0.18,28.0,129.69148221568,-6.50844707635525,0.12,22.0,87.13329737728003,-37.1876460659746,0.04,15.0,47.566224076800005,-65.71062278200692,87.88107526176002,-36.648590497577835,0.25,0.5,0.25
PLAB,PLAB,AI infrastructure & compute,Fwd EPS,50.02,2949498880.0,2.36,21.2x,0.18,28.0,108.57155455999998,117.05628660535781,0.12,22.0,72.94386176000002,45.8293917632947,0.04,15.0,39.8201856,-20.39147221111556,73.56986592000001,47.080899480207925,0.25,0.5,0.25
PLTR,PLTR,Industrial automation & robotics,Fwd EPS,133.99,321215856640.0,2.06464,64.9x,0.18,28.0,94.98354847743998,-29.111464678379008,0.12,22.0,63.814752010240014,-52.37349652194939,0.04,15.0,34.8365881344,-74.00060591506829,64.36241015808001,-51.96476590933652,0.25,0.5,0.25
PNR,PNR,Industrial automation & robotics,Fwd EPS,72.68,11745489920.0,5.81742,12.5x,0.18,28.0,267.62980208832,268.2303275843698,0.12,22.0,179.80723740672008,147.39575867738037,0.04,15.0,98.15709496320001,35.053790538249864,181.35034296624005,149.51890886934513,0.25,0.5,0.25
PODD,PODD,Health Tech,Fwd EPS,147.46,10213769216.0,8.05875,18.3x,0.18,28.0,370.74195563999996,151.41865973145255,0.12,22.0,249.08319744000005,68.91577203309373,0.04,15.0,135.9749664,-7.788575613725756,251.22082923000002,70.36540704597857,0.25,0.5,0.25
POWI,POWI,AI infrastructure & compute,Fwd EPS,73.24,4080931584.0,1.83186,40.0x,0.18,28.0,84.27452878656,15.0662599488804,0.12,22.0,56.61989093376002,-22.692666666084072,0.04,15.0,30.908900505600002,-57.79778740360458,57.105802789920006,-22.029215196723083,0.25,0.5,0.25
PRY.MI,PRY.MI,Energy transition & grids,Fwd EPS,153.15,43925200896.0,5.70482,26.8x,0.18,28.0,262.44965079872,71.367711915586,0.12,22.0,176.32694976512005,15.133496418622293,0.04,15.0,96.2571996672,-37.14841680235064,177.84018749904,16.121571987619987,0.25,0.5,0.25
PSX,PSX,Energy transition & grids,Fwd EPS,176.2,70644744192.0,15.80012,11.2x,0.18,28.0,726.88287738752,312.53284755250854,0.12,22.0,488.35668180992013,177.16043235523279,0.04,15.0,266.5947927552,51.302379543246325,492.54775844064005,179.53902295155507,0.25,0.5,0.25
PWR,PWR,Energy transition & grids,Fwd EPS,769.99,115544809472.0,16.40507,46.9x,0.18,28.0,754.7135392227199,-1.98398171109756,0.12,22.0,507.0547280691201,-34.14788139208041,0.04,15.0,276.8020899072,-64.05120976802297,511.40627131704,-33.582738565820335,0.25,0.5,0.25
QBTS,QBTS,Quantum / frontier compute,Rev/Sh,20.35,7538178048.0,0.03388424512322554,600.6x,0.45,30.0,3.0990107036638035,-84.77144617364225,0.28,20.0,1.421208248573254,-93.01617568268672,0.1,12.0,0.5411991631081585,-97.34054465303116,1.4487655596785805,-92.88075892049838,0.2,0.45,0.35
QCOM,QCOM,AI infrastructure & compute,Fwd EPS,201.49,212370472960.0,10.63617,18.9x,0.18,28.0,489.3158946883199,142.84872434776906,0.12,22.0,328.7471670067201,63.15805598626238,0.04,15.0,179.4636709632,-10.931723180703756,331.56847491624,64.55827828489751,0.25,0.5,0.25
QLYS,QLYS,Cybersecurity & digital trust,Fwd EPS,90.02,3170234880.0,8.26063,10.9x,0.18,28.0,380.02942404448,322.16110202674963,0.12,22.0,255.3229884620801,183.62918069549005,0.04,15.0,139.38127956480002,54.83368092068432,257.51417013336004,186.06328608460348,0.25,0.5,0.25
QRVO,QRVO,AI infrastructure & compute,Fwd EPS,92.25,8119261184.0,7.82164,11.8x,0.18,28.0,359.83373474943994,290.063669105084,0.12,22.0,241.75450292224008,162.06450181272638,0.04,15.0,131.97421885440002,43.06148385300814,243.82923986208004,164.3135391458862,0.25,0.5,0.25
QUBT,QUBT,Quantum / frontier compute,Rev/Sh,10.505,2369245184.0,0.019216530692863186,546.7x,0.45,30.0,1.7575198765059008,-83.26968227981057,0.28,20.0,0.8059997155119885,-92.32746582092348,0.1,12.0,0.3069264282264109,-97.07828245381808,0.8216280971608189,-92.17869493421401,0.2,0.45,0.35
REGN,REGN,Health Tech,Fwd EPS,698.25,73203851264.0,53.86299,13.0x,0.18,28.0,2477.9612531990397,254.88166891500748,0.12,22.0,1664.8197019238405,138.42745462568428,0.04,15.0,908.8280757504001,30.157977193039763,1679.1071831992801,140.47363883985392,0.25,0.5,0.25
RHM.DE,RHM.DE,Industrial automation & robotics,Fwd EPS,1120.0,52127055872.0,54.87461,20.4x,0.18,28.0,2524.5007260905595,125.40185054379998,0.12,22.0,1696.0872737177604,51.436363724800024,0.04,15.0,925.8970995456,-17.330616111999998,1710.64309326792,52.73599047035,0.25,0.5,0.25
RMBS,RMBS,AI infrastructure & compute,Fwd EPS,127.05,13738802176.0,3.63556,34.9x,0.18,28.0,167.25355970176,31.64388799823692,0.12,22.0,112.36940087296003,-11.554977667878763,0.04,15.0,61.3426584576,-51.717702906257365,113.33375497632002,-10.795942560944493,0.25,0.5,0.25
RMD,RMD,Health Tech,Fwd EPS,201.88,29283983360.0,12.15451,16.6x,0.18,28.0,559.16696848096,176.97987343023578,0.12,22.0,375.6766513561601,86.08908824854376,0.04,15.0,205.08256104960003,1.586368659401649,378.90070806072004,87.68610464668123,0.25,0.5,0.25
ROG.SW,ROG.SW,Health Tech,Fwd EPS,322.3,256427556864.0,21.65027,14.9x,0.18,28.0,996.0184197219199,209.03457018986035,0.12,22.0,669.1755516723201,107.62505481610924,0.04,15.0,365.3041396992,13.342891622463537,674.91841569144,109.40689286113559,0.25,0.5,0.25
ROK,ROK,Industrial automation & robotics,Fwd EPS,448.74,49933070336.0,14.45358,31.0x,0.18,28.0,664.93544472768,48.17833148987831,0.12,22.0,446.73726332928015,-0.4463022397646399,0.04,15.0,243.87467719680004,-45.65345696911351,450.57116214576007,0.4080675103088849,0.25,0.5,0.25
ROP,ROP,Industrial automation & robotics,Fwd EPS,320.9,32384380928.0,23.8952,13.4x,0.18,28.0,1099.2961908992,242.5665911184793,0.12,22.0,738.5627820032003,130.15356248152082,0.04,15.0,403.18275379199997,25.64124455967591,744.9011271744,132.12874016029917,0.25,0.5,0.25
RR.L,RR.L,Energy transition & grids,Fwd EPS,1140.0,94707408896.0,0.43271,2634.6x,0.18,28.0,19.90677854816,-98.25379135542455,0.12,22.0,13.374380687360002,-98.82680871163508,0.04,15.0,7.3010985216,-99.35955276126316,13.489159611120002,-98.81674038498947,0.25,0.5,0.25
RSW.L,RSW.L,Industrial automation & robotics,Fwd EPS,4984.0,3625102592.0,1.84452,2702.1x,0.18,28.0,84.85695076991999,-98.29741270525842,0.12,22.0,57.011191480320015,-98.85611574076405,0.04,15.0,31.1225121792,-99.37555152128411,57.50046147744,-98.84629892701766,0.25,0.5,0.25
RTX,RTX,Industrial automation & robotics,Fwd EPS,171.18,230525255680.0,7.55629,22.7x,0.18,28.0,347.6263355958399,103.07649000808499,0.12,22.0,233.55295473664006,36.43705732950113,0.04,15.0,127.49697891839999,-25.518764506133905,235.55730599688002,37.60796004023834,0.25,0.5,0.25
RWE.DE,RWE.DE,Energy transition & grids,Fwd EPS,55.2,39388774400.0,3.1916,17.3x,0.18,28.0,146.82922607359998,165.99497477101445,0.12,22.0,98.64730050560004,78.7088777275363,0.04,15.0,53.851739136000006,-2.442501565217381,99.49389155520001,80.24255716521739,0.25,0.5,0.25
S,S,Cybersecurity & digital trust,Fwd EPS,16.86,5757388800.0,0.47685,35.4x,0.18,28.0,21.937434657599997,30.115270804270455,0.12,22.0,14.738678169600004,-12.581980014234851,0.04,15.0,8.045870976000002,-52.27834533807828,14.865165493200003,-11.83175864056938,0.25,0.5,0.25
SAF.PA,SAF.PA,Industrial automation & robotics,Fwd EPS,271.4,112753827840.0,12.25287,22.1x,0.18,28.0,563.69201005152,107.69786663652177,0.12,22.0,378.7168031539201,39.54193189164339,0.04,15.0,206.7421853952,-23.823807886809124,381.9669504386401,40.739480633249855,0.25,0.5,0.25
SAN.PA,SAN.PA,Health Tech,Fwd EPS,73.96,88600739840.0,9.00473,8.2x,0.18,28.0,414.26166715807994,460.11582904012977,0.12,22.0,278.3219408076801,276.3141438719309,0.04,15.0,151.93644910080002,105.43056936289892,280.71049946856004,279.5436715367226,0.25,0.5,0.25
SAND.ST,SAND.ST,Industrial automation & robotics,Fwd EPS,353.7,443676327936.0,13.6,26.0x,0.18,28.0,625.6665856,76.89188170766185,0.12,22.0,420.3544576000001,18.84491309018945,0.04,15.0,229.47225600000002,-35.12234775233248,423.9619392000001,19.864840033927077,0.25,0.5,0.25
SIE.DE,SIE.DE,Industrial automation & robotics,Fwd EPS,259.6,198008176640.0,12.69151,20.5x,0.18,28.0,583.8715976329598,124.91201757818176,0.12,22.0,392.2744707481601,51.10726916338986,0.04,15.0,214.1433405696,-17.510269426194146,395.64096992472,52.40407161969183,0.25,0.5,0.25
SITM,SITM,AI infrastructure & compute,Fwd EPS,774.06,20432728064.0,10.662,72.6x,0.18,28.0,490.50420115199995,-36.632276418882256,0.12,22.0,329.5455313920001,-57.42635824199673,0.04,15.0,179.89949952000003,-76.75897223471048,332.3736908640001,-57.06099128439654,0.25,0.5,0.25
SLAB,SLAB,AI infrastructure & compute,Fwd EPS,216.59,7143533056.0,4.14872,52.2x,0.18,28.0,190.86143213312,-11.878926943478463,0.12,22.0,128.23036362752003,-40.79580607252411,0.04,15.0,70.00118661120001,-67.68032383249457,129.33083649984002,-40.287715730255314,0.25,0.5,0.25
SLB,SLB,Energy transition & grids,Fwd EPS,55.38,82796298240.0,3.33534,16.6x,0.18,28.0,153.44196982463998,177.07109032979412,0.12,22.0,103.09007622144003,86.15037237529799,0.04,15.0,56.27705840640001,1.6198237746478883,103.97479516848,87.74791471375947,0.25,0.5,0.25
SMCI,SMCI,AI infrastructure & compute,Fwd EPS,31.04,18668029952.0,3.22003,9.6x,0.18,28.0,148.13714526687997,377.24595768969067,0.12,22.0,99.52602677248004,220.63797284948467,0.04,15.0,54.331437388800005,75.03684725773199,100.38015905016,223.38968766159795,0.25,0.5,0.25
SMIN.L,SMIN.L,Industrial automation & robotics,Fwd EPS,2489.0,7511283712.0,1.22943,2024.5x,0.18,28.0,56.559799289279994,-97.72760951027401,0.12,22.0,37.99973388288001,-98.47329313447649,0.04,15.0,20.7441232128,-99.16656797055846,38.32584756696,-98.46019093744637,0.25,0.5,0.25
SMTC,SMTC,Quantum / frontier compute,Fwd EPS,137.64,12816280576.0,2.91168,47.3x,0.18,28.0,133.95153558528,-2.6797910598081898,0.12,22.0,89.99541669888004,-34.61536130566692,0.04,15.0,49.128660172800004,-64.30640789537925,90.76775728896001,-34.05423039163033,0.25,0.5,0.25
SN.L,SN.L,Health Tech,Fwd EPS,1112.0,9492578304.0,0.93205523,1193.1x,0.18,28.0,42.879103922406074,-96.14396547460376,0.12,22.0,28.80835078381569,-97.40932097267844,0.04,15.0,15.7265306135808,-98.58574364985783,29.055584025904565,-97.38708776745463,0.25,0.5,0.25
SNOW,SNOW,Cybersecurity & digital trust,Fwd EPS,157.47,54437380096.0,2.42372,65.0x,0.18,28.0,111.50298653311998,-29.19096555971298,0.12,22.0,74.91334602752002,-52.42690923507969,0.04,15.0,40.8953306112,-74.02976401143076,75.55625229984001,-52.01863701032576,0.25,0.5,0.25
SNPS,SNPS,AI infrastructure & compute,Fwd EPS,502.42,96244596736.0,17.05553,29.5x,0.18,28.0,784.63788387488,56.17170571929462,0.12,22.0,527.1594163404802,4.924050861924334,0.04,15.0,287.77727546880004,-42.72177153202499,531.6834980061601,5.824508977779574,0.25,0.5,0.25
SO,SO,Energy transition & grids,Fwd EPS,92.55,104331722752.0,4.91799,18.8x,0.18,28.0,226.25161847904,144.46420149004862,0.12,22.0,152.00728080384005,64.24341523915726,0.04,15.0,82.9810485504,-10.339223608427872,153.31180715928002,65.65295208998383,0.25,0.5,0.25
SPIR,SPIR,Quantum / frontier compute,Trail EPS,20.01,774618112.0,1.59,12.6x,0.18,28.0,73.14778464,265.55614512743625,0.12,22.0,49.14438144000002,145.59910764617698,0.04,15.0,26.828006400000003,34.07299550224887,49.566138480000006,147.70683898050976,0.25,0.5,0.25
SPX.L,SPX.L,Industrial automation & robotics,Fwd EPS,6915.0,5102985216.0,3.58257,1930.2x,0.18,28.0,164.81576026271998,-97.61654721239739,0.12,22.0,110.73156390912003,-98.39867586537787,0.04,15.0,60.4485603072,-99.12583426887636,111.68186209704001,-98.38493330300737,0.25,0.5,0.25
SRPT,SRPT,Health Tech,Fwd EPS,17.55,1852862592.0,2.72539,6.4x,0.18,28.0,125.38128350944,614.423267860057,0.12,22.0,84.23748788224002,379.9856859386895,0.04,15.0,45.985396454400004,162.02505102222221,84.96041393208002,384.1049226899146,0.25,0.5,0.25
SRT3.DE,SRT3.DE,Health Tech,Fwd EPS,204.9,14148813824.0,6.39743,32.0x,0.18,28.0,294.31310181727997,43.637433781005356,0.12,22.0,197.73442777088005,-3.49710699322594,0.04,15.0,107.94358049280001,-47.31889678243045,199.43138446296,-2.668919246969248,0.25,0.5,0.25
SSE.L,SSE.L,Energy transition & grids,Fwd EPS,2271.0,27374446592.0,1.83015,1240.9x,0.18,28.0,84.19586041439999,-96.2925644907794,0.12,22.0,56.567037542400016,-97.50915730768824,0.04,15.0,30.880047744000002,-98.64024448507266,57.0524958108,-97.48778089780713,0.25,0.5,0.25
STM,STM,AI infrastructure & compute,Fwd EPS,61.41,54580846592.0,2.23,27.5x,0.18,28.0,102.59091808,67.0589774955219,0.12,22.0,68.92576768000002,12.238670705096922,0.04,15.0,37.6267008,-38.72870737664875,69.51728856000001,13.201902882266747,0.25,0.5,0.25
STMN.SW,STMN.SW,Health Tech,Fwd EPS,83.62,13333276672.0,3.62978,23.0x,0.18,28.0,166.98765140287998,99.6982198073188,0.12,22.0,112.19075022848003,34.16736454015788,0.04,15.0,61.245132748799996,-26.75779389045684,113.15357115216001,35.31878874929444,0.25,0.5,0.25
SU.PA,SU.PA,Industrial automation & robotics,Fwd EPS,263.75,148419084288.0,11.49818,22.9x,0.18,28.0,528.9725750892799,100.55832230873172,0.12,22.0,355.39053068288007,34.74522490346163,0.04,15.0,194.00833121280002,-26.442338876663495,358.44049191696,35.90160830974787,0.25,0.5,0.25
SWK,SWK,Industrial automation & robotics,Fwd EPS,75.14,11680930816.0,6.17863,12.2x,0.18,28.0,284.24723057247996,278.29016578717057,0.12,22.0,190.97166635008003,154.1544667954219,0.04,15.0,104.2517768448,38.74338148096888,192.61058502936,156.3356202147458,0.25,0.5,0.25
SWKS,SWKS,AI infrastructure & compute,Fwd EPS,68.53,10307320832.0,5.14599,13.3x,0.18,28.0,236.74073476703995,245.4556176375893,0.12,22.0,159.05439965184007,132.09455662022484,0.04,15.0,86.8280834304,26.70083675820809,160.41940437528,134.08639190906175,0.25,0.5,0.25
SYK,SYK,Health Tech,Fwd EPS,306.76,117599756288.0,16.71226,18.4x,0.18,28.0,768.8457832249599,150.63430148160123,0.12,22.0,516.5494843801602,68.38880048903381,0.04,15.0,281.9852944896,-8.07625032937801,520.9825116187201,69.83391303257274,0.25,0.5,0.25
TDY,TDY,Industrial automation & robotics,Fwd EPS,616.58,28565618688.0,26.03412,23.7x,0.18,28.0,1197.69698305152,94.24843216638877,0.12,22.0,804.6734111539204,30.505921559881987,0.04,15.0,439.2726653952001,-28.75658221233254,811.5791176886402,31.625923268455036,0.25,0.5,0.25
TECH,TECH,Health Tech,Fwd EPS,43.3,6779426816.0,2.06423,21.0x,0.18,28.0,94.96468647007998,119.31798260988451,0.12,22.0,63.80207955968001,47.348913532748305,0.04,15.0,34.8296702208,-19.561962538568135,64.34962895256,48.613461784203224,0.25,0.5,0.25
TENB,TENB,Cybersecurity & digital trust,Fwd EPS,21.49,2369744640.0,2.16608,9.9x,0.18,28.0,99.65028512768,363.7053751869707,0.12,22.0,66.95010172928002,211.54072465928354,0.04,15.0,36.5481811968,70.07064307491859,67.52466744576,214.21436689511407,0.25,0.5,0.25
TER,TER,Industrial automation & robotics,Fwd EPS,337.88,52892467200.0,9.51322,35.5x,0.18,28.0,437.65469672512,29.52962493344382,0.12,22.0,294.03856125952007,-12.975446531454937,0.04,15.0,160.51618053120004,-52.4931394189653,296.56199994384,-12.228601887107837,0.25,0.5,0.25
TMO,TMO,Health Tech,Fwd EPS,438.34,162896560128.0,27.31874,16.0x,0.18,28.0,1256.7957925510398,186.717112869243,0.12,22.0,844.3789805158401,92.63105820044717,0.04,15.0,460.9480072704,5.1576418466031,851.62544021328,94.2842177791851,0.25,0.5,0.25
TRGP,TRGP,Energy transition & grids,Fwd EPS,271.99,58380992512.0,11.9486,22.8x,0.18,28.0,549.6941003456,102.10084942299349,0.12,22.0,369.3122994176001,35.781572637817604,0.04,15.0,201.60824985600004,-25.876594780690453,372.48173725920003,36.94684997948454,0.25,0.5,0.25
TRMB,TRMB,Industrial automation & robotics,Fwd EPS,55.13,12851438592.0,4.06853,13.6x,0.18,28.0,187.17229952287997,239.5107918064211,0.12,22.0,125.75181774848002,128.10052194536553,0.04,15.0,68.64814394880001,24.52048603083623,126.83101974216001,130.05808043199713,0.25,0.5,0.25
TSM,TSM,AI infrastructure & compute,Fwd EPS,404.35,2097120935936.0,19.29218,21.0x,0.18,28.0,887.5347345132799,119.49665747824407,0.12,22.0,596.2907249868802,47.46895634645236,0.04,15.0,325.51618145279997,-19.496430950216403,601.4080914849601,48.73453480523311,0.25,0.5,0.25
TT,TT,Industrial automation & robotics,Fwd EPS,466.6,103144480768.0,17.03499,27.4x,0.18,28.0,783.6929433110399,67.9581961661037,0.12,22.0,526.5245574758402,12.842811289292788,0.04,15.0,287.4307048704,-38.39890594290614,531.0431907832801,13.811228200445802,0.25,0.5,0.25
TTMI,TTMI,AI infrastructure & compute,Fwd EPS,167.35,17379307520.0,5.0325,33.3x,0.18,28.0,231.51963911999997,38.34457073199879,0.12,22.0,155.54660352000002,-7.05312009560799,0.04,15.0,84.9131712,-49.2601307439498,156.88150434,-6.255450050791755,0.25,0.5,0.25
TXN,TXN,AI infrastructure & compute,Fwd EPS,302.73,275512393728.0,9.4268,32.1x,0.18,28.0,433.6789536128,43.256021409440734,0.12,22.0,291.36745594880006,-3.7533591157797197,0.04,15.0,159.058019328,-47.45878527797047,293.8679712096,-2.927370525022299,0.25,0.5,0.25
TXT,TXT,Industrial automation & robotics,Fwd EPS,88.77,15436124160.0,7.30097,12.2x,0.18,28.0,335.88036554912003,278.37148310140816,0.12,22.0,225.66141796352008,154.20909988004965,0.04,15.0,123.18897477120002,38.77320578033123,227.59804406184006,156.3907221604597,0.25,0.5,0.25
UCB.BR,UCB.BR,Health Tech,Fwd EPS,237.0,45115641856.0,13.59469,17.4x,0.18,28.0,625.42229960224,163.89126565495354,0.12,22.0,420.19033391104017,77.29549954052328,0.04,15.0,229.3826605824,-3.2140672648101276,423.79640700168005,78.8170493677975,0.25,0.5,0.25
UEIC,UEIC,AI infrastructure & compute,Fwd EPS,4.02,50773812.0,0.65,6.2x,0.18,28.0,29.9031824,643.8602587064677,0.12,22.0,20.090470400000008,399.7629452736321,0.04,15.0,10.967424000000001,172.8214925373135,20.262886800000004,404.0519104477614,0.25,0.5,0.25
UNH,UNH,Health Tech,Fwd EPS,393.85,357672681472.0,20.75367,19.0x,0.18,28.0,954.77042996832,142.41981210316618,0.12,22.0,641.4630658867202,62.86989104652028,0.04,15.0,350.1758437632,-11.08903294066269,646.9681013762402,64.26764031388603,0.25,0.5,0.25
URG,URG,Energy transition & grids,Fwd EPS,1.66,659570816.0,0.0625,26.6x,0.18,28.0,2.8753059999999997,73.2112048192771,0.12,22.0,1.9317760000000006,16.372048192771118,0.04,15.0,1.0545600000000002,-36.472289156626495,1.9483545000000002,17.3707530120482,0.25,0.5,0.25
UUUU,UUUU,Energy transition & grids,Fwd EPS,18.41,4600051712.0,0.005,3682.0x,0.18,28.0,0.23002447999999998,-98.75054600760457,0.12,22.0,0.15454208000000005,-99.1605536121673,0.04,15.0,0.0843648,-99.54174470396524,0.15586836,-99.1533494839761,0.25,0.5,0.25
VEEV,VEEV,Health Tech,Fwd EPS,158.86,25925746688.0,9.88398,16.1x,0.18,28.0,454.7114719660799,186.2340878547651,0.12,22.0,305.49816557568005,92.30653756495029,0.04,15.0,166.7719991808,4.980485446808514,308.11995057456005,93.95691210786859,0.25,0.5,0.25
VLO,VLO,Energy transition & grids,Fwd EPS,250.74,74452926464.0,18.65339,13.4x,0.18,28.0,858.14726699744,242.24585905616976,0.12,22.0,576.5467379302402,129.9380784598549,0.04,15.0,314.7379033344,25.523611443886107,581.4946615480801,131.9114068549414,0.25,0.5,0.25
VMI,VMI,Industrial automation & robotics,Fwd EPS,506.75,9837868032.0,25.36904,20.0x,0.18,28.0,1167.10004681984,130.31081338329352,0.12,22.0,784.1168418406401,54.73445324926296,0.04,15.0,428.05079715840003,-15.530183096517014,790.8461319148801,56.06238419632561,0.25,0.5,0.25
VPG,VPG,Quantum / frontier compute,Fwd EPS,97.32,1294453376.0,1.81,53.8x,0.18,28.0,83.26886176,-14.438078750513771,0.12,22.0,55.944232960000015,-42.5151736950267,0.04,15.0,30.540057600000004,-68.6189297163995,56.42434632000001,-42.02183896424167,0.25,0.5,0.25
VRT,VRT,AI infrastructure & compute,Fwd EPS,370.94,142481326080.0,8.8119,42.1x,0.18,28.0,405.3905430623999,9.287362663072173,0.12,22.0,272.3618709504001,-26.57522215172262,0.04,15.0,148.68283622400003,-59.91728144066425,274.69928029680005,-25.945090770259327,0.25,0.5,0.25
VRTX,VRTX,Health Tech,Fwd EPS,436.95,110900281344.0,21.56175,20.3x,0.18,28.0,991.9460663279999,127.01592088980429,0.12,22.0,666.4395386880002,52.52077782080335,0.04,15.0,363.81054528000004,-16.738632502574657,672.1589222460001,53.82971100720908,0.25,0.5,0.25
VSAT,VSAT,Quantum / frontier compute,Fwd EPS,69.5,9440282624.0,0.29867,232.7x,0.18,28.0,13.740282288319998,-80.22980965709353,0.12,22.0,9.231416606720002,-86.7173861773813,0.04,15.0,5.0394469632000005,-92.7489971752518,9.31064061624,-86.60339479677698,0.25,0.5,0.25
VSH,VSH,AI infrastructure & compute,Fwd EPS,37.23,5067219968.0,1.40152,26.6x,0.18,28.0,64.47678184192,73.18501703443461,0.12,22.0,43.31876319232001,16.354453914370183,0.04,15.0,23.6477908992,-36.48189390491539,43.690524781440004,17.353007739564895,0.25,0.5,0.25
VST,VST,Energy transition & grids,Fwd EPS,139.68,47097643008.0,11.28686,12.4x,0.18,28.0,519.2508204665601,271.7431418002291,0.12,22.0,348.8589642137601,149.75584494112263,0.04,15.0,190.44273730560002,36.34216588316153,351.8528715499201,151.899249391409,0.25,0.5,0.25
VWS.CO,VWS.CO,Energy transition & grids,Fwd EPS,190.9,187745107968.0,10.703878,17.8x,0.18,28.0,492.43079418668793,157.95222325127708,0.12,22.0,330.8399140372481,73.30535046477114,0.04,15.0,180.60610533888,-5.392296836626498,333.67918190001603,74.79265683604821,0.25,0.5,0.25
WAB,WAB,Industrial automation & robotics,Fwd EPS,263.9,44777848832.0,12.12939,21.8x,0.18,28.0,558.0113254934399,111.44802027034481,0.12,22.0,374.9002319462401,42.061474780689714,0.04,15.0,204.65871229440003,-22.4483848827586,378.11762542008006,43.28064623724141,0.25,0.5,0.25
WDAY,WDAY,Cybersecurity & digital trust,Fwd EPS,125.01,31213191168.0,12.44595,10.0x,0.18,28.0,572.5746353712,358.02306645164384,0.12,22.0,384.6846001152001,207.7230622471803,0.04,15.0,210.000016512,67.9865742836573,387.9859630284001,210.36394130741547,0.25,0.5,0.25
WEC,WEC,Energy transition & grids,Fwd EPS,109.16,35556212736.0,6.0041,18.2x,0.18,28.0,276.2179960736,153.039571338952,0.12,22.0,185.57722050560005,70.00478243459148,0.04,15.0,101.30693913600001,-7.194082872847185,187.16984405520003,71.46376333382194,0.25,0.5,0.25
WMB,WMB,Energy transition & grids,Fwd EPS,77.72,95051423744.0,2.59266,30.0x,0.18,28.0,119.27505366335998,53.46764496057641,0.12,22.0,80.13501382656003,3.107326076376782,0.04,15.0,43.745848473600006,-43.71352486670097,80.82273244752001,3.9921930616572565,0.25,0.5,0.25
WSO,WSO,Industrial automation & robotics,Fwd EPS,403.15,16391085056.0,14.29408,28.2x,0.18,28.0,657.5976638156799,63.11488622489889,0.12,22.0,441.80737097728013,9.588830702537553,0.04,15.0,241.18344007680003,-40.175259809797836,445.59896146176004,10.529321955044036,0.25,0.5,0.25
WTRG,WTRG,Energy transition & grids,Fwd EPS,37.01,10497256448.0,2.39738,15.4x,0.18,28.0,110.29121757248,198.0038302417725,0.12,22.0,74.09921835008002,100.21404579864908,0.04,15.0,40.450896844800006,9.297208443123495,74.73513777936002,101.93228257054857,0.25,0.5,0.25
WWD,WWD,Industrial automation & robotics,Fwd EPS,349.21,20806930432.0,10.73644,32.5x,0.18,28.0,493.9288056102399,41.44177016988058,0.12,22.0,331.8463538790401,-4.9722648609604185,0.04,15.0,181.15552266240002,-48.124188121073274,334.69425900768005,-4.156736918278381,0.25,0.5,0.25
XEL,XEL,Energy transition & grids,Fwd EPS,77.92,48643084288.0,4.53193,17.2x,0.18,28.0,208.49096832927998,167.5705445704312,0.12,22.0,140.07477772288004,79.76742520903495,0.04,15.0,76.46707361280001,-1.8646385872689852,141.27689934696002,81.31018910030802,0.25,0.5,0.25
XFAB.PA,XFAB.PA,AI infrastructure & compute,Fwd EPS,8.02,1047668032.0,0.30985284,25.9x,0.18,28.0,14.25474767950464,77.73999600379851,0.12,22.0,9.577060477501444,19.414719170840943,0.04,15.0,5.228134575206401,-34.811289585955095,9.659250802428481,20.439536189881323,0.25,0.5,0.25
XRAY,XRAY,Health Tech,Fwd EPS,10.07,2017289728.0,1.53701,6.6x,0.18,28.0,70.70998520095999,602.184560088977,0.12,22.0,47.506544476160016,371.76310304031796,0.04,15.0,25.9339082496,157.53632819860974,47.91424560072001,375.8117735920557,0.25,0.5,0.25
XYL,XYL,Industrial automation & robotics,Fwd EPS,108.12,25699420160.0,6.08541,17.8x,0.18,28.0,279.95865416736,158.93327244483908,0.12,22.0,188.09038381056007,73.9644689331854,0.04,15.0,102.67887951360002,-5.032482876803535,189.70457532552004,75.45743185860158,0.25,0.5,0.25
YSN.DE,YSN.DE,Cybersecurity & digital trust,Fwd EPS,191.4,1238262656.0,7.39,25.9x,0.18,28.0,339.97618143999995,77.6260091118077,0.12,22.0,228.41319424000005,19.338137011494272,0.04,15.0,124.6911744,-34.8530959247649,230.37343608,20.362296802507828,0.25,0.5,0.25
ZBH,ZBH,Industrial automation & robotics,Fwd EPS,83.7,16192808960.0,8.99281,9.3x,0.18,28.0,413.71328879775996,394.28110967474305,0.12,22.0,277.9535124889601,232.08304956865,0.04,15.0,151.73532341760003,81.28473526594986,280.33890929832006,234.9329860194983,0.25,0.5,0.25
ZBRA,ZBRA,Industrial automation & robotics,Fwd EPS,259.35,12353720320.0,20.67418,12.5x,0.18,28.0,951.1135007852799,266.7297091903913,0.12,22.0,639.0061558988801,146.38756734099866,0.04,15.0,348.83461217280006,34.503417070676704,644.49010618896,148.5020652357663,0.25,0.5,0.25
ZS,ZS,Cybersecurity & digital trust,Fwd EPS,161.05,25895344128.0,4.5877,35.1x,0.18,28.0,211.0566613792,31.050395143868357,0.12,22.0,141.79854008320004,-11.953716185532425,0.04,15.0,77.40807859200001,-51.9353749816827,143.01545503440002,-11.1981030522198,0.25,0.5,0.25
